accx,accy,accz,gyrX,gyrY,gyrZ,thetaG,phiG,thetaAm,phiAm,thetaC1,phic1,alphac
-0.249,-0.019,-9.793,-13.656,1.048,1.371,68.212,385.655,-1.457,0.112,-0.046,-0.364,-59.915
-0.249,-0.019,-9.793,-13.656,1.048,1.371,68.219,385.559,-1.457,0.112,-0.052,-0.473,-59.872
-0.249,-0.019,-9.793,-13.656,1.048,1.371,68.226,385.464,-1.457,0.112,-0.057,-0.581,-59.828
-0.316,0.038,-9.721,-15.304,1.231,1.371,68.235,385.357,-1.862,-0.226,-0.065,-0.704,-59.778
-0.316,0.038,-9.721,-15.304,1.231,1.371,68.244,385.25,-1.862,-0.226,-0.073,-0.827,-59.727
-0.316,0.038,-9.721,-15.304,1.231,1.371,68.251,385.158,-1.862,-0.226,-0.082,-0.93,-59.683
-0.374,0.091,-9.759,-17.623,1.414,1.249,68.261,385.034,-2.192,-0.534,-0.091,-1.073,-59.623
-0.374,0.091,-9.759,-17.623,1.414,1.249,68.269,384.929,-2.192,-0.534,-0.102,-1.193,-59.57
-0.374,0.091,-9.759,-17.623,1.414,1.249,68.279,384.805,-2.192,-0.534,-0.111,-1.333,-59.511
-0.34,0.144,-9.783,-20.064,1.475,1.188,68.29,384.665,-1.99,-0.841,-0.118,-1.495,-59.444
-0.34,0.144,-9.783,-20.064,1.475,1.188,68.299,384.544,-1.99,-0.841,-0.126,-1.631,-59.386
-0.421,0.206,-9.85,-22.079,1.414,1.188,68.31,384.368,-2.449,-1.198,-0.136,-1.837,-59.3
-0.421,0.206,-9.85,-22.079,1.414,1.188,68.32,384.213,-2.449,-1.198,-0.147,-2.014,-59.223
-0.421,0.206,-9.85,-22.079,1.414,1.188,68.33,384.059,-2.449,-1.198,-0.158,-2.189,-59.146
-0.541,0.297,-9.798,-24.154,1.353,1.005,68.339,383.89,-3.16,-1.736,-0.177,-2.386,-59.055
-0.541,0.297,-9.798,-24.154,1.353,1.005,68.349,383.721,-3.16,-1.736,-0.196,-2.58,-58.964
-0.541,0.297,-9.798,-24.154,1.353,1.005,68.358,383.552,-3.16,-1.736,-0.214,-2.772,-58.874
-0.177,0.402,-9.697,-24.703,1.17,1.066,68.365,383.403,-1.046,-2.375,-0.214,-2.945,-58.803
-0.177,0.402,-9.697,-24.703,1.17,1.066,68.372,383.255,-1.046,-2.375,-0.214,-3.115,-58.733
-0.177,0.402,-9.697,-24.703,1.17,1.066,68.381,383.057,-1.046,-2.375,-0.211,-3.342,-58.64
-0.23,0.508,-9.654,-23.788,0.986,1.127,68.387,382.915,-1.362,-3.01,-0.216,-3.509,-59.638
-0.23,0.508,-9.654,-23.788,0.986,1.127,68.394,382.748,-1.362,-3.01,-0.219,-3.701,-59.554
-0.23,0.508,-9.654,-23.788,0.986,1.127,68.401,382.582,-1.362,-3.01,-0.222,-3.892,-59.469
-0.101,0.613,-9.635,-21.59,0.803,1.31,68.406,382.452,-0.597,-3.64,-0.22,-4.044,-59.405
-0.101,0.613,-9.635,-21.59,0.803,1.31,68.412,382.301,-0.597,-3.64,-0.217,-4.219,-59.331
-0.101,0.613,-9.635,-21.59,0.803,1.31,68.417,382.15,-0.597,-3.64,-0.214,-4.393,-59.257
-0.053,0.642,-9.64,-18.416,0.742,1.371,68.422,382.039,-0.312,-3.808,-0.21,-4.518,-59.205
-0.053,0.642,-9.64,-18.416,0.742,1.371,68.427,381.911,-0.312,-3.808,-0.205,-4.664,-59.144
-0.053,0.642,-9.64,-18.416,0.742,1.371,68.432,381.782,-0.312,-3.808,-0.2,-4.809,-59.083
0.158,0.747,-9.553,-14.815,0.742,1.31,68.437,381.678,0.945,-4.471,-0.182,-4.929,-59.043
0.158,0.747,-9.553,-14.815,0.742,1.31,68.442,381.589,0.945,-4.471,-0.166,-5.03,-59.01
0.158,0.747,-9.553,-14.815,0.742,1.31,68.447,381.485,0.945,-4.471,-0.148,-5.147,-58.969
0.551,0.79,-9.558,-9.749,0.681,1.31,68.451,381.427,3.286,-4.726,-0.109,-5.213,-58.969
0.551,0.79,-9.558,-9.749,0.681,1.31,68.456,381.359,3.286,-4.726,-0.069,-5.289,-58.964
0.551,0.79,-9.558,-9.749,0.681,1.31,68.461,381.29,3.286,-4.726,-0.03,-5.364,-58.96
0.704,0.785,-9.515,-3.89,0.62,1.371,68.464,381.267,4.217,-4.718,0.017,-5.386,-58.985
0.704,0.785,-9.515,-3.89,0.62,1.371,68.469,381.24,4.217,-4.718,0.064,-5.411,-59.009
0.704,0.785,-9.515,-3.89,0.62,1.371,68.473,381.213,4.217,-4.718,0.11,-5.437,-59.033
0.527,0.742,-9.553,2.58,0.437,1.371,68.476,381.228,3.147,-4.443,0.144,-5.408,-60.314
0.527,0.742,-9.553,2.58,0.437,1.371,68.478,381.243,3.147,-4.443,0.177,-5.38,-60.354
0.527,0.742,-9.553,2.58,0.437,1.371,68.481,381.262,3.147,-4.443,0.21,-5.349,-60.395
-0.148,0.704,-9.663,6.12,0.681,1.494,68.485,381.298,-0.878,-4.166,0.204,-5.294,-60.416
-0.148,0.704,-9.663,6.12,0.681,1.494,68.49,381.341,-0.878,-4.166,0.199,-5.232,-60.44
-0.148,0.704,-9.663,6.12,0.681,1.494,68.494,381.378,-0.878,-4.166,0.193,-5.178,-60.46
-0.589,0.69,-9.798,4.228,1.109,1.433,68.502,381.407,-3.432,-4.026,0.166,-5.131,-60.459
-0.589,0.69,-9.798,4.228,1.109,1.433,68.51,381.437,-3.432,-4.026,0.14,-5.085,-60.459
-0.589,0.69,-9.798,4.228,1.109,1.433,68.516,381.462,-3.432,-4.026,0.112,-5.044,-60.455
-0.134,0.694,-9.778,1.054,1.231,1.433,68.525,381.47,-0.784,-4.062,0.113,-5.025,-60.464
-0.134,0.694,-9.778,1.054,1.231,1.433,68.532,381.476,-0.784,-4.062,0.113,-5.008,-60.472
-0.134,0.694,-9.778,1.054,1.231,1.433,68.541,381.483,-0.784,-4.062,0.114,-4.99,-60.481
-0.134,0.694,-9.778,1.054,1.231,1.433,68.548,381.49,-0.784,-4.062,0.114,-4.973,-60.489
0.235,0.704,-9.692,-0.289,1.231,1.494,68.557,381.488,1.383,-4.154,0.137,-4.967,-60.51
0.235,0.704,-9.692,-0.289,1.231,1.494,68.566,381.486,1.383,-4.154,0.159,-4.962,-60.531
0.235,0.704,-9.692,-0.289,1.231,1.494,68.573,381.484,1.383,-4.154,0.181,-4.956,-60.55
0.125,0.704,-9.711,0.444,0.925,1.555,68.579,381.487,0.733,-4.146,0.194,-4.944,-60.566
0.125,0.704,-9.711,0.444,0.925,1.555,68.586,381.49,0.733,-4.146,0.207,-4.932,-60.582
0.125,0.704,-9.711,0.444,0.925,1.555,68.592,381.493,0.733,-4.146,0.219,-4.921,-60.597
-0.297,0.675,-9.822,0.322,0.559,1.555,68.595,381.495,-1.727,-3.933,0.203,-4.909,-59.773
-0.297,0.675,-9.822,0.322,0.559,1.555,68.599,381.497,-1.727,-3.933,0.189,-4.897,-59.767
-0.297,0.675,-9.822,0.322,0.559,1.555,68.602,381.499,-1.727,-3.933,0.173,-4.885,-59.761
-0.388,0.699,-9.917,-4.134,0.559,1.494,68.606,381.47,-2.234,-4.033,0.154,-4.91,-59.734
-0.388,0.699,-9.917,-4.134,0.559,1.494,68.609,381.445,-2.234,-4.033,0.134,-4.931,-59.71
-0.388,0.699,-9.917,-4.134,0.559,1.494,68.614,381.412,-2.234,-4.033,0.116,-4.961,-59.682
0.086,0.685,-9.845,-9.505,0.62,1.494,68.618,381.355,0.5,-3.979,0.124,-5.019,-59.663
0.086,0.685,-9.845,-9.505,0.62,1.494,68.622,381.289,0.5,-3.979,0.133,-5.088,-59.639
0.086,0.685,-9.845,-9.505,0.62,1.494,68.626,381.222,0.5,-3.979,0.142,-5.156,-59.615
0.326,0.781,-9.683,-12.618,0.437,1.555,68.629,381.146,1.92,-4.609,0.163,-5.24,-59.593
0.326,0.781,-9.683,-12.618,0.437,1.555,68.632,381.058,1.92,-4.609,0.184,-5.339,-59.565
0.326,0.781,-9.683,-12.618,0.437,1.555,68.635,380.97,1.92,-4.609,0.205,-5.437,-59.537
0.302,0.833,-9.654,-12.13,0.193,1.555,68.636,380.885,1.783,-4.933,0.222,-5.533,-59.507
0.302,0.833,-9.654,-12.13,0.193,1.555,68.638,380.812,1.783,-4.933,0.239,-5.613,-59.484
0.302,0.833,-9.654,-12.13,0.193,1.555,68.639,380.739,1.783,-4.933,0.256,-5.693,-59.461
0.148,0.924,-9.414,-7.308,-0.112,1.616,68.638,380.688,0.899,-5.607,0.261,-5.753,-59.438
0.148,0.924,-9.414,-7.308,-0.112,1.616,68.637,380.644,0.899,-5.607,0.267,-5.803,-59.419
0.148,0.924,-9.414,-7.308,-0.112,1.616,68.636,380.593,0.899,-5.607,0.272,-5.862,-59.396
-0.388,0.848,-9.525,0.688,-0.295,1.555,68.635,380.597,-2.323,-5.085,0.244,-5.849,-61.274
-0.388,0.848,-9.525,0.688,-0.295,1.555,68.633,380.602,-2.323,-5.085,0.216,-5.836,-61.257
-0.388,0.848,-9.525,0.688,-0.295,1.555,68.631,380.607,-2.323,-5.085,0.188,-5.823,-61.24
-0.843,0.843,-9.596,5.266,0.01,1.494,68.631,380.644,-5,-5.019,0.137,-5.771,-61.22
-0.843,0.843,-9.596,5.266,0.01,1.494,68.631,380.675,-5,-5.019,0.085,-5.726,-61.199
-0.843,0.843,-9.596,5.266,0.01,1.494,68.631,380.712,-5,-5.019,0.035,-5.675,-61.18
-0.335,0.824,-9.563,8.44,0.315,1.433,68.633,380.763,-2,-4.923,0.016,-5.607,-61.195
-0.335,0.824,-9.563,8.44,0.315,1.433,68.635,380.822,-2,-4.923,-0.001,-5.53,-61.216
-0.335,0.824,-9.563,8.44,0.315,1.433,68.637,380.889,-2,-4.923,-0.018,-5.444,-61.24
0.397,0.785,-9.501,13.444,0.376,1.371,68.64,380.97,2.387,-4.725,0.009,-5.341,-61.308
0.397,0.785,-9.501,13.444,0.376,1.371,68.642,381.064,2.387,-4.725,0.036,-5.223,-61.382
0.397,0.785,-9.501,13.444,0.376,1.371,68.645,381.158,2.387,-4.725,0.062,-5.106,-61.455
0.594,0.757,-9.443,21.074,0.071,1.371,68.645,381.285,3.587,-4.581,0.098,-4.951,-61.551
0.594,0.757,-9.443,21.074,0.071,1.371,68.646,381.411,3.587,-4.581,0.133,-4.797,-61.646
0.594,0.757,-9.443,21.074,0.071,1.371,68.646,381.538,3.587,-4.581,0.168,-4.644,-61.739
0.364,0.627,-9.558,29.924,-0.173,1.371,68.645,381.747,2.176,-3.755,0.187,-4.387,-61.864
0.364,0.627,-9.558,29.924,-0.173,1.371,68.644,381.927,2.176,-3.755,0.206,-4.167,-61.97
0.364,0.627,-9.558,29.924,-0.173,1.371,68.643,382.136,2.176,-3.755,0.224,-3.914,-62.089
-0.374,0.441,-9.817,31.816,0.01,1.371,68.643,382.359,-2.177,-2.57,0.2,-3.636,-62.185
-0.374,0.441,-9.817,31.816,0.01,1.371,68.643,382.582,-2.177,-2.57,0.176,-3.361,-62.278
-0.374,0.441,-9.817,31.816,0.01,1.371,68.643,382.804,-2.177,-2.57,0.153,-3.088,-62.369
-0.378,0.364,-9.85,27.422,0.559,1.433,68.647,382.996,-2.198,-2.116,0.134,-2.851,-61.266
-0.378,0.364,-9.85,27.422,0.559,1.433,68.65,383.161,-2.198,-2.116,0.115,-2.648,-61.335
-0.378,0.364,-9.85,27.422,0.559,1.433,68.654,383.325,-2.198,-2.116,0.096,-2.447,-61.402
0.33,0.306,-9.783,23.027,0.864,1.433,68.66,383.486,1.933,-1.794,0.121,-2.249,-61.501
0.33,0.306,-9.783,23.027,0.864,1.433,68.666,383.648,1.933,-1.794,0.146,-2.053,-61.598
0.33,0.306,-9.783,23.027,0.864,1.433,68.671,383.786,1.933,-1.794,0.17,-1.886,-61.682
0.675,0.278,-9.826,20.708,0.742,1.616,68.676,383.931,3.929,-1.619,0.214,-1.711,-61.782
0.675,0.278,-9.826,20.708,0.742,1.616,68.68,384.055,3.929,-1.619,0.257,-1.563,-61.871
0.675,0.278,-9.826,20.708,0.742,1.616,68.686,384.2,3.929,-1.619,0.3,-1.391,-61.968
0.192,0.144,-9.836,18.327,0.254,1.982,68.687,384.328,1.116,-0.837,0.31,-1.233,-62.036
0.192,0.144,-9.836,18.327,0.254,1.982,68.689,384.438,1.116,-0.837,0.32,-1.099,-62.094
0.192,0.144,-9.836,18.327,0.254,1.982,68.691,384.566,1.116,-0.837,0.33,-0.944,-62.16
-0.474,0.038,-9.999,12.773,0.01,2.226,68.691,384.643,-2.715,-0.22,0.299,-0.845,-62.175
-0.474,0.038,-9.999,12.773,0.01,2.226,68.691,384.733,-2.715,-0.22,0.269,-0.733,-62.195
-0.474,0.038,-9.999,12.773,0.01,2.226,68.691,384.822,-2.715,-0.22,0.24,-0.621,-62.215
-0.551,0.057,-9.965,5.327,0.01,2.165,68.691,384.854,-3.163,-0.33,0.206,-0.581,-62.206
-0.551,0.057,-9.965,5.327,0.01,2.165,68.691,384.891,-3.163,-0.33,0.172,-0.534,-62.2
-0.551,0.057,-9.965,5.327,0.01,2.165,68.691,384.928,-3.163,-0.33,0.139,-0.487,-62.193
-0.182,0.072,-9.86,-0.411,0.132,1.921,68.692,384.926,-1.057,-0.417,0.128,-0.49,-60.471
-0.182,0.072,-9.86,-0.411,0.132,1.921,68.693,384.923,-1.057,-0.417,0.117,-0.492,-60.463
-0.182,0.072,-9.86,-0.411,0.132,1.921,68.694,384.921,-1.057,-0.417,0.106,-0.495,-60.455
0.043,0.105,-9.702,-3.035,0.132,1.86,68.695,384.899,0.255,-0.622,0.109,-0.521,-60.447
0.043,0.105,-9.702,-3.035,0.132,1.86,68.696,384.878,0.255,-0.622,0.111,-0.547,-60.439
0.043,0.105,-9.702,-3.035,0.132,1.86,68.696,384.86,0.255,-0.622,0.114,-0.57,-60.432
0.005,0.144,-9.668,-2.852,0.132,1.799,68.697,384.84,0.028,-0.851,0.114,-0.596,-60.422
0.005,0.144,-9.668,-2.852,0.132,1.799,68.698,384.823,0.028,-0.851,0.114,-0.619,-60.414
0.005,0.144,-9.668,-2.852,0.132,1.799,68.699,384.803,0.028,-0.851,0.114,-0.645,-60.404
-0.259,0.144,-9.616,-0.594,0.132,1.921,68.7,384.799,-1.54,-0.856,0.099,-0.652,-60.391
-0.259,0.144,-9.616,-0.594,0.132,1.921,68.701,384.795,-1.54,-0.856,0.083,-0.658,-60.379
-0.259,0.144,-9.616,-0.594,0.132,1.921,68.701,384.792,-1.54,-0.856,0.068,-0.665,-60.366
-0.536,0.148,-9.611,2.092,0.315,1.86,68.704,384.806,-3.194,-0.885,0.038,-0.65,-60.352
-0.536,0.148,-9.611,2.092,0.315,1.86,68.706,384.819,-3.194,-0.885,0.008,-0.637,-60.337
-0.536,0.148,-9.611,2.092,0.315,1.86,68.708,384.833,-3.194,-0.885,-0.021,-0.622,-60.323
-0.575,0.12,-9.616,4.411,0.376,1.738,68.71,384.86,-3.42,-0.713,-0.053,-0.592,-60.314
-0.575,0.12,-9.616,4.411,0.376,1.738,68.713,384.891,-3.42,-0.713,-0.083,-0.556,-60.307
-0.575,0.12,-9.616,4.411,0.376,1.738,68.715,384.922,-3.42,-0.713,-0.113,-0.521,-60.3
-0.383,0.12,-9.63,6.669,0.437,1.616,68.718,384.968,-2.278,-0.712,-0.131,-0.467,-60.159
-0.383,0.12,-9.63,6.669,0.437,1.616,68.721,385.008,-2.278,-0.712,-0.15,-0.422,-60.164
-0.383,0.12,-9.63,6.669,0.437,1.616,68.724,385.055,-2.278,-0.712,-0.167,-0.37,-60.172
-0.048,0.081,-9.606,9.843,0.498,1.555,68.728,385.124,-0.286,-0.486,-0.165,-0.289,-60.205
-0.048,0.081,-9.606,9.843,0.498,1.555,68.731,385.193,-0.286,-0.486,-0.162,-0.209,-60.238
-0.048,0.081,-9.606,9.843,0.498,1.555,68.734,385.252,-0.286,-0.486,-0.159,-0.142,-60.265
0.029,0.01,-9.544,14.238,0.498,1.616,68.737,385.352,0.172,-0.057,-0.152,-0.022,-60.315
0.029,0.01,-9.544,14.238,0.498,1.616,68.74,385.437,0.172,-0.057,-0.145,0.079,-60.358
0.029,0.01,-9.544,14.238,0.498,1.616,68.744,385.537,0.172,-0.057,-0.138,0.196,-60.407
-0.273,-0.072,-9.683,17.778,0.498,1.677,68.747,385.661,-1.615,0.425,-0.148,0.346,-60.456
-0.273,-0.072,-9.683,17.778,0.498,1.677,68.751,385.786,-1.615,0.425,-0.159,0.494,-60.504
-0.273,-0.072,-9.683,17.778,0.498,1.677,68.754,385.892,-1.615,0.425,-0.17,0.62,-60.544
-0.517,-0.177,-9.826,18.205,0.62,1.616,68.759,386.038,-3.012,1.033,-0.192,0.798,-60.594
-0.517,-0.177,-9.826,18.205,0.62,1.616,68.763,386.147,-3.012,1.033,-0.216,0.93,-60.627
-0.517,-0.177,-9.826,18.205,0.62,1.616,68.767,386.275,-3.012,1.033,-0.239,1.082,-60.668
-0.134,-0.182,-9.778,16.374,0.742,1.494,68.771,386.373,-0.785,1.066,-0.239,1.199,-60.71
-0.134,-0.182,-9.778,16.374,0.742,1.494,68.777,386.487,-0.785,1.066,-0.238,1.334,-60.759
-0.134,-0.182,-9.778,16.374,0.742,1.494,68.782,386.602,-0.785,1.066,-0.238,1.467,-60.808
0.326,-0.196,-9.836,14.177,0.498,1.433,68.785,386.701,1.896,1.144,-0.212,1.582,-59.233
0.326,-0.196,-9.836,14.177,0.498,1.433,68.788,386.786,1.896,1.144,-0.188,1.678,-59.281
0.326,-0.196,-9.836,14.177,0.498,1.433,68.792,386.886,1.896,1.144,-0.163,1.791,-59.334
0.326,-0.263,-9.716,12.956,0.132,1.494,68.793,386.976,1.919,1.553,-0.141,1.896,-59.383
0.326,-0.263,-9.716,12.956,0.132,1.494,68.794,387.067,1.919,1.553,-0.119,2.001,-59.432
0.326,-0.263,-9.716,12.956,0.132,1.494,68.794,387.145,1.919,1.553,-0.098,2.088,-59.474
0.101,-0.311,-9.697,12.346,0.01,1.616,68.794,387.231,0.594,1.838,-0.091,2.189,-59.512
0.101,-0.311,-9.697,12.346,0.01,1.616,68.795,387.318,0.594,1.838,-0.084,2.288,-59.549
0.101,-0.311,-9.697,12.346,0.01,1.616,68.795,387.392,0.594,1.838,-0.077,2.371,-59.581
-0.402,-0.402,-9.774,10.332,0.193,1.738,68.796,387.454,-2.355,2.357,-0.098,2.445,-59.594
-0.402,-0.402,-9.774,10.332,0.193,1.738,68.797,387.526,-2.355,2.357,-0.119,2.53,-59.611
-0.402,-0.402,-9.774,10.332,0.193,1.738,68.798,387.598,-2.355,2.357,-0.14,2.614,-59.627
-0.484,-0.393,-9.802,7.097,0.559,1.616,68.802,387.648,-2.822,2.294,-0.162,2.67,-59.633
-0.484,-0.393,-9.802,7.097,0.559,1.616,68.806,387.691,-2.822,2.294,-0.185,2.717,-59.636
-0.484,-0.393,-9.802,7.097,0.559,1.616,68.81,387.74,-2.822,2.294,-0.207,2.771,-59.642
-0.139,-0.369,-9.788,3.679,0.681,1.494,68.814,387.766,-0.812,2.157,-0.207,2.796,-59.65
-0.139,-0.369,-9.788,3.679,0.681,1.494,68.818,387.788,-0.812,2.157,-0.208,2.816,-59.656
-0.139,-0.369,-9.788,3.679,0.681,1.494,68.823,387.814,-0.812,2.157,-0.209,2.84,-59.663
-0.067,-0.378,-9.764,1.054,0.62,1.555,68.827,387.82,-0.393,2.219,-0.206,2.841,-59.438
-0.067,-0.378,-9.764,1.054,0.62,1.555,68.831,387.828,-0.393,2.219,-0.203,2.844,-59.441
-0.067,-0.378,-9.764,1.054,0.62,1.555,68.836,387.835,-0.393,2.219,-0.199,2.846,-59.444
-0.172,-0.383,-9.759,-0.777,0.498,1.616,68.839,387.83,-1.011,2.248,-0.204,2.835,-59.437
-0.172,-0.383,-9.759,-0.777,0.498,1.616,68.842,387.825,-1.011,2.248,-0.208,2.822,-59.431
-0.172,-0.383,-9.759,-0.777,0.498,1.616,68.846,387.819,-1.011,2.248,-0.212,2.81,-59.425
-0.23,-0.383,-9.731,-2.303,0.498,1.616,68.849,387.806,-1.352,2.255,-0.22,2.788,-59.413
-0.23,-0.383,-9.731,-2.303,0.498,1.616,68.852,387.789,-1.352,2.255,-0.227,2.764,-59.4
-0.23,-0.383,-9.731,-2.303,0.498,1.616,68.856,387.773,-1.352,2.255,-0.234,2.739,-59.388
-0.091,-0.354,-9.726,-3.463,0.498,1.494,68.859,387.749,-0.536,2.087,-0.233,2.704,-59.376
-0.091,-0.354,-9.726,-3.463,0.498,1.494,68.862,387.728,-0.536,2.087,-0.232,2.673,-59.366
-0.091,-0.354,-9.726,-3.463,0.498,1.494,68.866,387.704,-0.536,2.087,-0.231,2.639,-59.355
-0.01,-0.364,-9.745,-4.134,0.559,1.494,68.869,387.675,-0.056,2.139,-0.225,2.599,-59.345
-0.01,-0.364,-9.745,-4.134,0.559,1.494,68.873,387.646,-0.056,2.139,-0.218,2.56,-59.335
-0.01,-0.364,-9.745,-4.134,0.559,1.494,68.877,387.621,-0.056,2.139,-0.213,2.527,-59.327
-0.053,-0.345,-9.692,-4.561,0.62,1.555,68.881,387.589,-0.311,2.037,-0.209,2.484,-59.314
-0.053,-0.345,-9.692,-4.561,0.62,1.555,68.885,387.558,-0.311,2.037,-0.205,2.441,-59.302
-0.053,-0.345,-9.692,-4.561,0.62,1.555,68.889,387.53,-0.311,2.037,-0.201,2.405,-59.291
-0.192,-0.321,-9.697,-4.744,0.803,1.555,68.895,387.497,-1.131,1.895,-0.204,2.36,-59.274
-0.192,-0.321,-9.697,-4.744,0.803,1.555,68.9,387.464,-1.131,1.895,-0.206,2.316,-59.258
-0.192,-0.321,-9.697,-4.744,0.803,1.555,68.906,387.431,-1.131,1.895,-0.209,2.272,-59.241
-0.196,-0.302,-9.735,-4.744,0.803,1.433,68.911,387.402,-1.155,1.775,-0.213,2.234,-59.697
-0.196,-0.302,-9.735,-4.744,0.803,1.433,68.916,387.369,-1.155,1.775,-0.215,2.19,-59.68
-0.196,-0.302,-9.735,-4.744,0.803,1.433,68.922,387.336,-1.155,1.775,-0.218,2.146,-59.664
-0.177,-0.287,-9.735,-5.172,0.925,1.433,68.929,387.299,-1.042,1.69,-0.219,2.098,-59.648
-0.177,-0.287,-9.735,-5.172,0.925,1.433,68.935,387.263,-1.042,1.69,-0.219,2.051,-59.631
-0.158,-0.263,-9.707,-5.66,0.864,1.433,68.941,387.224,-0.932,1.554,-0.219,1.999,-59.614
-0.158,-0.263,-9.707,-5.66,0.864,1.433,68.946,387.19,-0.932,1.554,-0.22,1.955,-59.598
-0.158,-0.263,-9.707,-5.66,0.864,1.433,68.952,387.15,-0.932,1.554,-0.22,1.903,-59.58
-0.129,-0.254,-9.697,-6.27,0.864,1.371,68.958,387.106,-0.764,1.499,-0.218,1.847,-59.562
-0.129,-0.254,-9.697,-6.27,0.864,1.371,68.964,387.062,-0.764,1.499,-0.217,1.792,-59.544
-0.129,-0.254,-9.697,-6.27,0.864,1.371,68.97,387.025,-0.764,1.499,-0.216,1.744,-59.528
-0.005,-0.215,-9.654,-5.965,0.742,1.371,68.975,386.983,-0.028,1.279,-0.208,1.69,-59.514
-0.005,-0.215,-9.654,-5.965,0.742,1.371,68.979,386.947,-0.028,1.279,-0.201,1.643,-59.502
-0.005,-0.215,-9.654,-5.965,0.742,1.371,68.984,386.905,-0.028,1.279,-0.193,1.59,-59.488
-0.096,-0.182,-9.654,-4.134,0.681,1.433,68.989,386.881,-0.568,1.08,-0.192,1.555,-59.476
-0.096,-0.182,-9.654,-4.134,0.681,1.433,68.994,386.848,-0.568,1.08,-0.189,1.511,-59.463
-0.096,-0.182,-9.654,-4.134,0.681,1.433,68.998,386.823,-0.568,1.08,-0.188,1.478,-59.452
-0.077,-0.192,-9.673,-1.692,0.559,1.555,69.002,386.811,-0.454,1.134,-0.186,1.46,-59.285
-0.077,-0.192,-9.673,-1.692,0.559,1.555,69.006,386.799,-0.454,1.134,-0.184,1.443,-59.28
-0.077,-0.192,-9.673,-1.692,0.559,1.555,69.009,386.789,-0.454,1.134,-0.183,1.428,-59.275
0,-0.187,-9.654,0.749,0.437,1.555,69.012,386.794,0,1.108,-0.177,1.431,-59.28
0,-0.187,-9.654,0.749,0.437,1.555,69.015,386.799,0,1.108,-0.172,1.433,-59.283
0,-0.187,-9.654,0.749,0.437,1.555,69.018,386.804,0,1.108,-0.167,1.436,-59.287
0,-0.201,-9.673,2.702,0.376,1.555,69.02,386.82,0,1.191,-0.163,1.452,-59.296
0,-0.201,-9.673,2.702,0.376,1.555,69.023,386.839,0,1.191,-0.158,1.472,-59.306
0,-0.201,-9.673,2.702,0.376,1.555,69.026,386.858,0,1.191,-0.153,1.492,-59.315
-0.096,-0.235,-9.659,3.923,0.498,1.555,69.029,386.881,-0.568,1.392,-0.154,1.519,-59.324
-0.096,-0.235,-9.659,3.923,0.498,1.555,69.032,386.909,-0.568,1.392,-0.154,1.55,-59.335
-0.096,-0.235,-9.659,3.923,0.498,1.555,69.035,386.936,-0.568,1.392,-0.154,1.581,-59.346
-0.244,-0.254,-9.702,4.167,0.803,1.616,69.04,386.961,-1.441,1.499,-0.161,1.61,-59.352
-0.244,-0.254,-9.702,4.167,0.803,1.616,69.046,386.991,-1.441,1.499,-0.167,1.644,-59.36
-0.244,-0.254,-9.702,4.167,0.803,1.616,69.052,387.02,-1.441,1.499,-0.173,1.677,-59.368
-0.263,-0.268,-9.783,2.885,0.925,1.555,69.058,387.04,-1.542,1.57,-0.179,1.7,-59.372
-0.263,-0.268,-9.783,2.885,0.925,1.555,69.064,387.057,-1.542,1.57,-0.186,1.719,-59.375
-0.263,-0.268,-9.783,2.885,0.925,1.555,69.07,387.077,-1.542,1.57,-0.192,1.742,-59.379
-0.11,-0.249,-9.798,0.871,0.803,1.494,69.075,387.083,-0.644,1.456,-0.191,1.745,-60.201
-0.11,-0.249,-9.798,0.871,0.803,1.494,69.081,387.089,-0.644,1.456,-0.189,1.749,-60.204
-0.11,-0.249,-9.798,0.871,0.803,1.494,69.085,387.094,-0.644,1.456,-0.187,1.753,-60.206
0.01,-0.249,-9.774,-0.655,0.62,1.494,69.09,387.089,0.056,1.459,-0.18,1.744,-60.207
0.01,-0.249,-9.774,-0.655,0.62,1.494,69.094,387.085,0.056,1.459,-0.172,1.736,-60.209
0.01,-0.249,-9.774,-0.655,0.62,1.494,69.098,387.08,0.056,1.459,-0.165,1.728,-60.211
0.005,-0.23,-9.74,-1.204,0.315,1.555,69.1,387.073,0.028,1.352,-0.161,1.715,-60.209
0.005,-0.23,-9.74,-1.204,0.315,1.555,69.102,387.066,0.028,1.352,-0.157,1.703,-60.207
0.005,-0.23,-9.74,-1.204,0.315,1.555,69.104,387.057,0.028,1.352,-0.152,1.69,-60.205
-0.067,-0.244,-9.692,-0.96,0.315,1.555,69.107,387.051,-0.396,1.443,-0.152,1.679,-60.202
-0.067,-0.244,-9.692,-0.96,0.315,1.555,69.108,387.045,-0.396,1.443,-0.152,1.67,-60.198
-0.067,-0.244,-9.692,-0.96,0.315,1.555,69.111,387.038,-0.396,1.443,-0.152,1.66,-60.195
-0.153,-0.23,-9.668,-0.35,0.376,1.616,69.113,387.036,-0.908,1.362,-0.156,1.654,-60.19
-0.153,-0.23,-9.668,-0.35,0.376,1.616,69.116,387.034,-0.908,1.362,-0.161,1.648,-60.186
-0.153,-0.23,-9.668,-0.35,0.376,1.616,69.118,387.031,-0.908,1.362,-0.166,1.643,-60.181
-0.158,-0.249,-9.663,0.505,0.437,1.555,69.121,387.035,-0.937,1.476,-0.17,1.645,-60.18
-0.158,-0.249,-9.663,0.505,0.437,1.555,69.124,387.038,-0.937,1.476,-0.174,1.647,-60.178
-0.158,-0.249,-9.663,0.505,0.437,1.555,69.127,387.041,-0.937,1.476,-0.178,1.65,-60.176
-0.129,-0.244,-9.673,1.603,0.498,1.555,69.13,387.051,-0.766,1.446,-0.181,1.659,-59.366
-0.129,-0.244,-9.673,1.603,0.498,1.555,69.133,387.062,-0.766,1.446,-0.182,1.67,-59.369
-0.129,-0.244,-9.673,1.603,0.498,1.555,69.136,387.072,-0.766,1.446,-0.184,1.679,-59.371
-0.129,-0.244,-9.673,1.603,0.498,1.555,69.14,387.083,-0.766,1.446,-0.186,1.69,-59.374
-0.153,-0.263,-9.702,2.58,0.498,1.555,69.143,387.098,-0.905,1.555,-0.19,1.707,-59.378
-0.153,-0.263,-9.702,2.58,0.498,1.555,69.146,387.116,-0.905,1.555,-0.193,1.727,-59.383
-0.153,-0.263,-9.702,2.58,0.498,1.555,69.149,387.132,-0.905,1.555,-0.196,1.744,-59.387
-0.125,-0.263,-9.692,3.19,0.62,1.616,69.154,387.154,-0.736,1.557,-0.197,1.769,-59.396
-0.125,-0.263,-9.692,3.19,0.62,1.616,69.157,387.173,-0.736,1.557,-0.198,1.789,-59.403
-0.125,-0.263,-9.692,3.19,0.62,1.616,69.162,387.196,-0.736,1.557,-0.198,1.814,-59.411
-0.01,-0.287,-9.687,3.923,0.681,1.555,69.167,387.223,-0.057,1.699,-0.191,1.845,-59.427
-0.01,-0.287,-9.687,3.923,0.681,1.555,69.171,387.247,-0.057,1.699,-0.185,1.872,-59.44
-0.01,-0.287,-9.687,3.923,0.681,1.555,69.175,387.274,-0.057,1.699,-0.178,1.902,-59.455
-0.024,-0.297,-9.687,4.838,0.62,1.616,69.18,387.308,-0.142,1.755,-0.172,1.941,-59.472
-0.024,-0.297,-9.687,4.838,0.62,1.616,69.183,387.337,-0.142,1.755,-0.167,1.974,-59.486
-0.024,-0.297,-9.687,4.838,0.62,1.616,69.188,387.371,-0.142,1.755,-0.162,2.012,-59.503
-0.014,-0.302,-9.687,5.815,0.437,1.677,69.19,387.406,-0.085,1.784,-0.158,2.051,-59.519
-0.014,-0.302,-9.687,5.815,0.437,1.677,69.193,387.447,-0.085,1.784,-0.154,2.097,-59.538
-0.014,-0.302,-9.687,5.815,0.437,1.677,69.197,387.487,-0.085,1.784,-0.149,2.142,-59.556
-0.034,-0.33,-9.687,7.036,0.315,1.738,69.199,387.537,-0.198,1.953,-0.147,2.199,-59.577
-0.034,-0.33,-9.687,7.036,0.315,1.738,69.201,387.579,-0.198,1.953,-0.145,2.246,-59.595
-0.034,-0.33,-9.687,7.036,0.315,1.738,69.203,387.628,-0.198,1.953,-0.143,2.302,-59.615
-0.144,-0.359,-9.687,8.378,0.315,1.738,69.205,387.687,-0.849,2.123,-0.148,2.37,-60.26
-0.144,-0.359,-9.687,8.378,0.315,1.738,69.207,387.745,-0.849,2.123,-0.152,2.437,-60.279
-0.144,-0.359,-9.687,8.378,0.315,1.738,69.209,387.796,-0.849,2.123,-0.157,2.494,-60.294
-0.11,-0.397,-9.678,9.355,0.376,1.677,69.212,387.861,-0.651,2.352,-0.159,2.57,-60.318
-0.11,-0.397,-9.678,9.355,0.376,1.677,69.214,387.917,-0.651,2.352,-0.161,2.634,-60.337
-0.11,-0.397,-9.678,9.355,0.376,1.677,69.217,387.983,-0.651,2.352,-0.163,2.709,-60.36
0.014,-0.412,-9.683,10.271,0.376,1.677,69.219,388.044,0.085,2.435,-0.158,2.78,-60.386
0.014,-0.412,-9.683,10.271,0.376,1.677,69.222,388.116,0.085,2.435,-0.152,2.862,-60.415
0.014,-0.412,-9.683,10.271,0.376,1.677,69.224,388.188,0.085,2.435,-0.147,2.943,-60.444
-0.081,-0.441,-9.63,11.369,0.376,1.677,69.227,388.268,-0.484,2.619,-0.147,3.034,-60.472
-0.081,-0.441,-9.63,11.369,0.376,1.677,69.229,388.347,-0.484,2.619,-0.147,3.125,-60.501
-0.081,-0.441,-9.63,11.369,0.376,1.677,69.232,388.427,-0.484,2.619,-0.147,3.214,-60.528
-0.101,-0.527,-9.731,12.59,0.437,1.738,69.235,388.502,-0.591,3.099,-0.149,3.303,-60.555
-0.101,-0.527,-9.731,12.59,0.437,1.738,69.238,388.591,-0.591,3.099,-0.149,3.405,-60.587
-0.129,-0.45,-9.812,13.811,0.132,1.616,69.239,388.687,-0.754,2.627,-0.154,3.512,-60.617
-0.129,-0.45,-9.812,13.811,0.132,1.616,69.24,388.784,-0.754,2.627,-0.159,3.618,-60.647
-0.129,-0.45,-9.812,13.811,0.132,1.616,69.24,388.867,-0.754,2.627,-0.164,3.707,-60.672
-0.129,-0.45,-9.812,13.811,0.132,1.616,69.241,388.963,-0.754,2.627,-0.169,3.811,-60.701
-0.019,-0.402,-9.893,15.764,-1.455,0.395,69.233,389.058,-0.111,2.328,-0.179,3.909,-59.244
-0.019,-0.402,-9.893,15.764,-1.455,0.395,69.224,389.153,-0.111,2.328,-0.189,4.005,-59.271
0.043,-0.666,-9.726,17.717,-3.286,-1.07,69.198,389.294,0.253,3.915,-0.215,4.173,-59.312
0.043,-0.666,-9.726,17.717,-3.286,-1.07,69.178,389.401,0.253,3.915,-0.234,4.296,-59.343
0.043,-0.666,-9.726,17.717,-3.286,-1.07,69.155,389.525,0.253,3.915,-0.257,4.44,-59.379
0.043,-0.666,-9.726,17.717,-3.286,-1.07,69.135,389.631,0.253,3.915,-0.275,4.561,-59.409
-0.038,-0.838,-9.596,17.839,-3.469,-1.07,69.111,389.756,-0.228,4.991,-0.303,4.714,-59.443
-0.038,-0.838,-9.596,17.839,-3.469,-1.07,69.087,389.881,-0.228,4.991,-0.331,4.865,-59.478
-0.038,-0.838,-9.596,17.839,-3.469,-1.07,69.062,390.006,-0.228,4.991,-0.359,5.014,-59.511
-0.091,-0.876,-9.587,16.435,-2.248,-0.154,69.049,390.104,-0.541,5.223,-0.377,5.133,-59.54
-0.091,-0.876,-9.587,16.435,-2.248,-0.154,69.033,390.219,-0.541,5.223,-0.397,5.271,-59.574
-0.144,-0.9,-9.731,14.543,-1.272,0.639,69.024,390.321,-0.842,5.286,-0.412,5.392,-59.605
-0.144,-0.9,-9.731,14.543,-1.272,0.639,69.015,390.423,-0.842,5.286,-0.427,5.512,-59.635
-0.144,-0.9,-9.731,14.543,-1.272,0.639,69.006,390.525,-0.842,5.286,-0.442,5.631,-59.665
-0.153,-0.948,-9.764,11.98,-0.661,1.066,69.002,390.596,-0.895,5.546,-0.451,5.715,-59.687
-0.153,-0.948,-9.764,11.98,-0.661,1.066,68.998,390.68,-0.895,5.546,-0.461,5.813,-59.713
-0.153,-0.948,-9.764,11.98,-0.661,1.066,68.994,390.752,-0.895,5.546,-0.47,5.896,-59.735
-0.278,-1.001,-9.678,8.256,-0.112,1.616,68.993,390.81,-1.635,5.904,-0.483,5.965,-57.939
-0.278,-1.001,-9.678,8.256,-0.112,1.616,68.992,390.868,-1.635,5.904,-0.495,6.033,-57.954
-0.278,-1.001,-9.678,8.256,-0.112,1.616,68.992,390.917,-1.635,5.904,-0.507,6.09,-57.967
-0.417,-0.991,-9.711,4.167,0.437,1.982,68.995,390.947,-2.444,5.828,-0.523,6.122,-57.969
-0.417,-0.991,-9.711,4.167,0.437,1.982,68.998,390.976,-2.444,5.828,-0.539,6.154,-57.972
-0.417,-0.991,-9.711,4.167,0.437,1.982,69.001,391.005,-2.444,5.828,-0.554,6.185,-57.974
-0.522,-0.996,-9.75,0.688,0.864,2.043,69.008,391.01,-3.049,5.833,-0.571,6.188,-57.967
-0.522,-0.996,-9.75,0.688,0.864,2.043,69.013,391.014,-3.049,5.833,-0.59,6.19,-57.958
-0.522,-0.996,-9.75,0.688,0.864,2.043,69.019,391.019,-3.049,5.833,-0.607,6.192,-57.95
-0.474,-0.953,-9.697,-1.509,0.803,1.921,69.024,391.009,-2.786,5.613,-0.622,6.174,-57.937
-0.474,-0.953,-9.697,-1.509,0.803,1.921,69.029,391,-2.786,5.613,-0.638,6.157,-57.923
-0.474,-0.953,-9.697,-1.509,0.803,1.921,69.035,390.989,-2.786,5.613,-0.653,6.139,-57.91
-0.206,-0.919,-9.673,-2.547,0.62,1.738,69.039,390.974,-1.214,5.43,-0.654,6.114,-57.901
-0.206,-0.919,-9.673,-2.547,0.62,1.738,69.043,390.956,-1.214,5.43,-0.654,6.086,-57.892
-0.206,-0.919,-9.673,-2.547,0.62,1.738,69.047,390.938,-1.214,5.43,-0.655,6.058,-57.883
-0.091,-0.881,-9.678,-2.303,0.498,1.616,69.05,390.924,-0.536,5.202,-0.65,6.033,-57.877
-0.091,-0.881,-9.678,-2.303,0.498,1.616,69.054,390.908,-0.536,5.202,-0.645,6.006,-57.871
-0.091,-0.881,-9.678,-2.303,0.498,1.616,69.057,390.894,-0.536,5.202,-0.64,5.981,-57.865
-0.187,-0.881,-9.649,-1.326,0.254,1.433,69.059,390.885,-1.104,5.218,-0.643,5.963,-58.731
-0.187,-0.881,-9.649,-1.326,0.254,1.433,69.06,390.877,-1.104,5.218,-0.645,5.946,-58.724
-0.187,-0.881,-9.649,-1.326,0.254,1.433,69.062,390.868,-1.104,5.218,-0.648,5.927,-58.717
-0.311,-0.939,-9.568,0.017,0.193,1.188,69.063,390.868,-1.854,5.603,-0.658,5.924,-58.711
-0.311,-0.939,-9.568,0.017,0.193,1.188,69.064,390.868,-1.854,5.603,-0.669,5.921,-58.705
-0.311,-0.939,-9.568,0.017,0.193,1.188,69.066,390.868,-1.854,5.603,-0.679,5.918,-58.699
-0.129,-0.915,-9.625,1.298,0.498,1.371,69.069,390.877,-0.766,5.428,-0.676,5.924,-58.702
-0.129,-0.915,-9.625,1.298,0.498,1.371,69.073,390.886,-0.766,5.428,-0.673,5.93,-58.706
-0.129,-0.915,-9.625,1.298,0.498,1.371,69.076,390.894,-0.766,5.428,-0.67,5.934,-58.708
0.005,-0.804,-9.678,3.19,0.315,1.433,69.078,390.917,0.028,4.752,-0.661,5.949,-58.718
0.005,-0.804,-9.678,3.19,0.315,1.433,69.08,390.936,0.028,4.752,-0.651,5.96,-58.726
0.005,-0.804,-9.678,3.19,0.315,1.433,69.082,390.958,0.028,4.752,-0.642,5.974,-58.735
0.062,-0.891,-9.697,5.327,-0.478,1.005,69.079,390.99,0.366,5.248,-0.635,6.005,-58.748
0.062,-0.891,-9.697,5.327,-0.478,1.005,69.076,391.027,0.366,5.248,-0.629,6.042,-58.763
0.062,-0.891,-9.697,5.327,-0.478,1.005,69.072,391.065,0.366,5.248,-0.623,6.078,-58.777
-0.129,-1.001,-9.606,6.12,-0.661,0.944,69.068,391.101,-0.767,5.948,-0.629,6.12,-58.788
-0.129,-1.001,-9.606,6.12,-0.661,0.944,69.064,391.144,-0.767,5.948,-0.636,6.169,-58.8
-0.129,-1.001,-9.606,6.12,-0.661,0.944,69.059,391.187,-0.767,5.948,-0.643,6.218,-58.812
-0.273,-1.077,-9.582,4.96,-0.051,1.433,69.059,391.222,-1.621,6.416,-0.653,6.261,-58.82
-0.273,-1.077,-9.582,4.96,-0.051,1.433,69.059,391.251,-1.621,6.416,-0.663,6.298,-58.827
-0.273,-1.077,-9.582,4.96,-0.051,1.433,69.058,391.286,-1.621,6.416,-0.673,6.341,-58.835
-0.153,-1.044,-9.663,3.068,0.925,2.043,69.064,391.305,-0.903,6.166,-0.669,6.361,-57.471
-0.153,-1.044,-9.663,3.068,0.925,2.043,69.07,391.326,-0.903,6.166,-0.664,6.384,-57.481
-0.153,-1.044,-9.663,3.068,0.925,2.043,69.078,391.351,-0.903,6.166,-0.657,6.411,-57.494
-0.043,-1.101,-9.663,0.627,1.841,2.653,69.089,391.354,-0.254,6.502,-0.64,6.417,-57.504
-0.043,-1.101,-9.663,0.627,1.841,2.653,69.102,391.359,-0.254,6.502,-0.621,6.423,-57.516
-0.043,-1.101,-9.663,0.627,1.841,2.653,69.113,391.363,-0.254,6.502,-0.604,6.428,-57.526
0.46,-1.087,-9.549,-2.181,3.123,3.508,69.138,391.345,2.739,6.495,-0.541,6.408,-57.552
0.46,-1.087,-9.549,-2.181,3.123,3.508,69.156,391.332,2.739,6.495,-0.486,6.393,-57.575
0.46,-1.087,-9.549,-2.181,3.123,3.508,69.178,391.317,2.739,6.495,-0.428,6.376,-57.6
0.608,-0.982,-9.855,-6.331,4.71,5.034,69.211,391.272,3.514,5.689,-0.349,6.317,-57.62
0.608,-0.982,-9.855,-6.331,4.71,5.034,69.239,391.234,3.514,5.689,-0.277,6.265,-57.641
0.608,-0.982,-9.855,-6.331,4.71,5.034,69.272,391.19,3.514,5.689,-0.2,6.207,-57.661
0.527,-0.828,-10.2,-12.923,4.099,5.278,69.297,391.113,2.947,4.643,-0.139,6.099,-57.657
0.527,-0.828,-10.2,-12.923,4.099,5.278,69.322,391.035,2.947,4.643,-0.079,5.992,-57.653
0.527,-0.828,-10.2,-12.923,4.099,5.278,69.354,390.932,2.947,4.643,-0.01,5.856,-57.644
0.11,-0.809,-9.874,-17.44,1.536,3.813,69.364,390.827,0.637,4.685,0.007,5.72,-57.607
0.11,-0.809,-9.874,-17.44,1.536,3.813,69.374,390.705,0.637,4.685,0.027,5.565,-57.565
0.11,-0.809,-9.874,-17.44,1.536,3.813,69.385,390.583,0.637,4.685,0.045,5.411,-57.523
1.417,-0.637,-9.793,-18.783,-0.6,2.897,69.381,390.47,8.219,3.721,0.123,5.26,-59.064
1.417,-0.637,-9.793,-18.783,-0.6,2.897,69.378,390.357,8.219,3.721,0.2,5.111,-59.058
1.417,-0.637,-9.793,-18.783,-0.6,2.897,69.374,390.226,8.219,3.721,0.275,4.941,-59.045
1.03,-0.469,-10.013,-17.196,-2.065,2.653,69.359,390.106,5.864,2.683,0.313,4.775,-59.016
1.03,-0.469,-10.013,-17.196,-2.065,2.653,69.347,390.002,5.864,2.683,0.354,4.632,-58.993
1.03,-0.469,-10.013,-17.196,-2.065,2.653,69.332,389.882,5.864,2.683,0.392,4.469,-58.964
-1.666,-0.651,-9.625,-11.824,-4.446,0.7,69.306,389.811,-9.801,3.871,0.259,4.379,-58.869
-1.666,-0.651,-9.625,-11.824,-4.446,0.7,69.275,389.728,-9.801,3.871,0.121,4.275,-58.767
-1.666,-0.651,-9.625,-11.824,-4.446,0.7,69.243,389.646,-9.801,3.871,-0.015,4.173,-58.666
-2.658,-0.934,-9.151,-6.392,-5.117,-1.131,69.213,389.607,-16.115,5.826,-0.213,4.144,-58.556
-2.658,-0.934,-9.151,-6.392,-5.117,-1.131,69.177,389.562,-16.115,5.826,-0.414,4.108,-58.443
-2.658,-0.934,-9.151,-6.392,-5.117,-1.131,69.141,389.518,-16.115,5.826,-0.614,4.072,-58.33
-2.715,-1.092,-8.955,-5.416,-1.577,0.517,69.13,389.48,-16.751,6.951,-0.788,4.056,-58.237
-2.715,-1.092,-8.955,-5.416,-1.577,0.517,69.119,389.442,-16.751,6.951,-0.961,4.039,-58.146
-2.715,-1.092,-8.955,-5.416,-1.577,0.517,69.108,389.404,-16.751,6.951,-1.132,4.024,-58.055
-2.528,-0.843,-9.429,-7.735,3.245,3.447,69.131,389.35,-14.954,5.108,-1.243,3.97,-57.982
-2.528,-0.843,-9.429,-7.735,3.245,3.447,69.153,389.296,-14.954,5.108,-1.353,3.917,-57.91
-2.528,-0.843,-9.429,-7.735,3.245,3.447,69.173,389.249,-14.954,5.108,-1.466,3.874,-57.84
-1.331,-0.69,-9.678,-12.496,5.686,4.301,69.213,389.162,-7.813,4.076,-1.482,3.772,-59.345
-1.331,-0.69,-9.678,-12.496,5.686,4.301,69.252,389.074,-7.813,4.076,-1.498,3.671,-59.302
-1.331,-0.69,-9.678,-12.496,5.686,4.301,69.292,388.987,-7.813,4.076,-1.514,3.571,-59.26
0.23,-0.747,-9.702,-18.477,7.151,4.362,69.335,388.876,1.353,4.403,-1.435,3.448,-59.26
0.23,-0.747,-9.702,-18.477,7.151,4.362,69.378,388.765,1.353,4.403,-1.356,3.326,-59.26
0.23,-0.747,-9.702,-18.477,7.151,4.362,69.428,388.636,1.353,4.403,-1.269,3.183,-59.258
-0.666,0.268,-11.181,-24.398,7.273,5.095,69.479,388.465,-3.406,-1.374,-1.23,2.934,-59.194
-0.666,0.268,-11.181,-24.398,7.273,5.095,69.53,388.294,-3.406,-1.374,-1.191,2.688,-59.13
-0.666,0.268,-11.181,-24.398,7.273,5.095,69.574,388.148,-3.406,-1.374,-1.162,2.474,-59.072
-0.656,-0.723,-9.783,-26.534,1.963,-0.521,69.587,387.962,-3.826,4.227,-1.172,2.271,-58.995
-0.656,-0.723,-9.783,-26.534,1.963,-0.521,69.599,387.803,-3.826,4.227,-1.185,2.101,-58.928
-0.656,-0.723,-9.783,-26.534,1.963,-0.521,69.613,387.617,-3.826,4.227,-1.195,1.902,-58.851
-0.91,-0.177,-9.635,-33.858,1.109,-0.887,69.62,387.414,-5.394,1.054,-1.229,1.652,-58.742
-0.91,-0.177,-9.635,-33.858,1.109,-0.887,69.627,387.177,-5.394,1.054,-1.261,1.364,-58.619
-0.91,-0.177,-9.635,-33.858,1.109,-0.887,69.634,386.974,-5.394,1.054,-1.295,1.12,-58.51
-0.225,-0.077,-9.63,-38.253,1.536,-0.582,69.645,386.706,-1.339,0.456,-1.282,0.795,-58.396
-0.225,-0.077,-9.63,-38.253,1.536,-0.582,69.655,386.438,-1.339,0.456,-1.27,0.474,-58.281
-0.225,-0.077,-9.63,-38.253,1.536,-0.582,69.666,386.171,-1.339,0.456,-1.258,0.155,-58.166
3.256,0.067,-9.764,-35.751,1.719,-0.032,69.678,385.92,18.443,-0.393,-1.047,-0.147,-61.883
3.256,0.067,-9.764,-35.751,1.719,-0.032,69.69,385.67,18.443,-0.393,-0.838,-0.447,-61.911
3.256,0.067,-9.764,-35.751,1.719,-0.032,69.702,385.42,18.443,-0.393,-0.63,-0.744,-61.94
2.969,0.244,-9.659,-29.647,1.536,0.883,69.713,385.212,17.082,-1.448,-0.441,-0.998,-61.976
2.969,0.244,-9.659,-29.647,1.536,0.883,69.722,385.035,17.082,-1.448,-0.254,-1.213,-62.024
2.969,0.244,-9.659,-29.647,1.536,0.883,69.733,384.827,17.082,-1.448,-0.068,-1.462,-62.061
2.203,0.215,-9.64,-22.323,0.925,1.616,69.739,384.693,12.869,-1.281,0.068,-1.62,-62.098
2.203,0.215,-9.64,-22.323,0.925,1.616,69.745,384.537,12.869,-1.281,0.203,-1.802,-62.126
2.203,0.215,-9.64,-22.323,0.925,1.616,69.752,384.381,12.869,-1.281,0.338,-1.982,-62.155
0.46,0.148,-9.884,-19.759,1.048,1.86,69.758,384.262,2.663,-0.86,0.369,-2.112,-62.129
0.46,0.148,-9.884,-19.759,1.048,1.86,69.765,384.124,2.663,-0.86,0.4,-2.264,-62.094
0.46,0.148,-9.884,-19.759,1.048,1.86,69.772,383.985,2.663,-0.86,0.432,-2.414,-62.06
0.666,0.096,-10.123,-28.365,1.78,1.738,69.785,383.787,3.762,-0.542,0.48,-2.631,-62.013
0.666,0.096,-10.123,-28.365,1.78,1.738,69.796,383.617,3.762,-0.542,0.525,-2.812,-61.977
0.666,0.096,-10.123,-28.365,1.78,1.738,69.808,383.418,3.762,-0.542,0.572,-3.026,-61.929
-2.227,0.45,-9.826,-44.723,2.634,2.165,69.827,383.105,-12.755,-2.623,0.461,-3.393,-61.702
-2.227,0.45,-9.826,-44.723,2.634,2.165,69.842,382.837,-12.755,-2.623,0.348,-3.705,-61.492
-2.227,0.45,-9.826,-44.723,2.634,2.165,69.861,382.524,-12.755,-2.623,0.238,-4.066,-61.261
-2.567,0.771,-9.52,-52.658,2.818,1.982,69.88,382.155,-15.042,-4.63,0.109,-4.509,-60.977
-2.567,0.771,-9.52,-52.658,2.818,1.982,69.9,381.786,-15.042,-4.63,-0.019,-4.948,-60.69
-2.567,0.771,-9.52,-52.658,2.818,1.982,69.917,381.471,-15.042,-4.63,-0.149,-5.32,-60.425
-2.222,0.9,-9.448,-50.338,2.879,1.921,69.937,381.118,-13.176,-5.443,-0.256,-5.74,-60.042
-2.222,0.9,-9.448,-50.338,2.879,1.921,69.957,380.766,-13.176,-5.443,-0.361,-6.156,-59.77
-2.222,0.9,-9.448,-50.338,2.879,1.921,69.978,380.413,-13.176,-5.443,-0.465,-6.567,-59.496
-2.217,0.948,-9.501,-44.662,2.634,2.043,69.996,380.101,-13.073,-5.699,-0.569,-6.93,-59.241
-2.217,0.948,-9.501,-44.662,2.634,2.043,70.014,379.788,-13.073,-5.699,-0.672,-7.289,-58.984
-2.217,0.948,-9.501,-44.662,2.634,2.043,70.03,379.52,-13.073,-5.699,-0.778,-7.592,-58.749
-2.926,1.221,-9.774,-41.183,2.207,2.104,70.043,379.273,-16.544,-7.122,-0.919,-7.881,-58.49
-2.926,1.221,-9.774,-41.183,2.207,2.104,70.059,378.985,-16.544,-7.122,-1.057,-8.215,-58.206
-2.926,1.221,-9.774,-41.183,2.207,2.104,70.074,378.697,-16.544,-7.122,-1.194,-8.547,-57.922
-5.21,1.508,-9.783,-42.77,2.146,1.066,70.087,378.44,-27.759,-8.765,-1.444,-8.854,-57.554
-5.21,1.508,-9.783,-42.77,2.146,1.066,70.102,378.141,-27.759,-8.765,-1.69,-9.209,-57.16
-5.21,1.508,-9.783,-42.77,2.146,1.066,70.117,377.841,-27.759,-8.765,-1.932,-9.56,-56.766
-1.896,1.235,-10.779,-47.958,3.001,1.799,70.138,377.506,-9.914,-6.538,-1.987,-9.929,-56.51
-1.896,1.235,-10.779,-47.958,3.001,1.799,70.159,377.17,-9.914,-6.538,-2.042,-10.294,-56.253
-1.896,1.235,-10.779,-47.958,3.001,1.799,70.18,376.834,-9.914,-6.538,-2.095,-10.655,-55.995
2.208,2.15,-8.471,-34.347,2.146,4.179,70.193,376.628,14.176,-14.242,-1.917,-10.936,-55.976
2.208,2.15,-8.471,-34.347,2.146,4.179,70.208,376.388,14.176,-14.242,-1.739,-11.254,-55.935
2.208,2.15,-8.471,-34.347,2.146,4.179,70.221,376.182,14.176,-14.242,-1.564,-11.529,-55.918
-0.374,1.528,-8.265,1.176,-0.784,4.118,70.216,376.19,-2.544,-10.471,-1.58,-11.509,-57.705
-0.374,1.528,-8.265,1.176,-0.784,4.118,70.21,376.198,-2.544,-10.471,-1.597,-11.488,-57.702
-0.374,1.528,-8.265,1.176,-0.784,4.118,70.205,376.206,-2.544,-10.471,-1.613,-11.468,-57.7
-3.975,1.915,-7.805,29.802,-3.225,5.949,70.185,376.385,-26.314,-13.788,-1.883,-11.279,-57.565
-3.975,1.915,-7.805,29.802,-3.225,5.949,70.163,376.594,-26.314,-13.788,-2.154,-11.056,-57.454
-3.975,1.915,-7.805,29.802,-3.225,5.949,70.14,376.802,-26.314,-13.788,-2.422,-10.836,-57.347
2.476,1.149,-8.61,39.873,-3.042,6.682,70.119,377.081,15.908,-7.603,-2.264,-10.472,-57.713
2.476,1.149,-8.61,39.873,-3.042,6.682,70.101,377.321,15.908,-7.603,-2.104,-10.159,-58.045
2.476,1.149,-8.61,39.873,-3.042,6.682,70.079,377.6,15.908,-7.603,-1.949,-9.802,-58.394
2.279,2.921,-10.736,42.925,0.62,0.883,70.083,377.857,11.578,-15.221,-1.81,-9.55,-58.665
2.279,2.921,-10.736,42.925,0.62,0.883,70.087,378.158,11.578,-15.221,-1.671,-9.25,-58.96
2.279,2.921,-10.736,42.925,0.62,0.883,70.091,378.415,11.578,-15.221,-1.534,-9.004,-59.219
-0.426,2.72,-7.873,1.665,1.536,0.578,70.1,378.425,-2.929,-19.06,-1.537,-9.092,-59.167
-0.426,2.72,-7.873,1.665,1.536,0.578,70.111,378.437,-2.929,-19.06,-1.538,-9.178,-59.118
-0.426,2.72,-7.873,1.665,1.536,0.578,70.12,378.447,-2.929,-19.06,-1.541,-9.265,-59.067
7.743,1.154,-11.847,9.416,0.803,2.592,70.126,378.513,33.045,-5.564,-1.188,-9.15,-59.446
7.743,1.154,-11.847,9.416,0.803,2.592,70.131,378.569,33.045,-5.564,-0.84,-9.047,-59.816
7.743,1.154,-11.847,9.416,0.803,2.592,70.136,378.635,33.045,-5.564,-0.495,-8.934,-60.191
0.771,2.734,-11.718,-20.614,2.512,0.639,70.151,378.512,3.666,-13.135,-0.435,-9.123,-56.344
0.771,2.734,-11.718,-20.614,2.512,0.639,70.169,378.367,3.666,-13.135,-0.373,-9.334,-56.269
0.771,2.734,-11.718,-20.614,2.512,0.639,70.187,378.223,3.666,-13.135,-0.312,-9.544,-56.194
2.993,1.24,-8.462,-22.201,-2.004,-0.276,70.175,378.09,19.288,-8.339,-0.13,-9.69,-56.272
2.993,1.24,-8.462,-22.201,-2.004,-0.276,70.161,377.934,19.288,-8.339,0.047,-9.861,-56.333
2.993,1.24,-8.462,-22.201,-2.004,-0.276,70.147,377.779,19.288,-8.339,0.223,-10.03,-56.394
-7.882,1.221,-8.481,-17.501,-3.652,1.86,70.121,377.656,-42.612,-8.194,-0.236,-10.158,-55.871
-7.882,1.221,-8.481,-17.501,-3.652,1.86,70.095,377.534,-42.612,-8.194,-0.69,-10.283,-55.357
-7.882,1.221,-8.481,-17.501,-3.652,1.86,70.073,377.429,-42.612,-8.194,-1.135,-10.387,-54.869
-3.936,1.571,-9.237,-20.736,-1.577,3.142,70.062,377.284,-22.787,-9.65,-1.365,-10.552,-54.542
-3.936,1.571,-9.237,-20.736,-1.577,3.142,70.051,377.139,-22.787,-9.65,-1.592,-10.716,-54.219
-3.936,1.571,-9.237,-20.736,-1.577,3.142,70.04,376.994,-22.787,-9.65,-1.817,-10.878,-53.897
5.904,1.255,-9.754,-18.05,1.658,2.653,70.052,376.867,30.979,-7.329,-1.475,-10.992,-54.134
5.904,1.255,-9.754,-18.05,1.658,2.653,70.064,376.741,30.979,-7.329,-1.137,-11.106,-54.373
1.7,1.59,-9.606,-29.037,5.015,-0.093,70.094,376.567,9.904,-9.397,-0.991,-11.296,-54.379
1.7,1.59,-9.606,-29.037,5.015,-0.093,70.129,376.363,9.904,-9.397,-0.84,-11.518,-54.367
1.7,1.59,-9.606,-29.037,5.015,-0.093,70.164,376.16,9.904,-9.397,-0.691,-11.738,-54.356
0.508,1.662,-9.754,-34.408,4.221,0.09,70.193,375.919,2.937,-9.667,-0.62,-12.004,-55.861
0.508,1.662,-9.754,-34.408,4.221,0.09,70.219,375.713,2.937,-9.667,-0.554,-12.226,-55.771
0.508,1.662,-9.754,-34.408,4.221,0.09,70.248,375.472,2.937,-9.667,-0.484,-12.486,-55.655
0.508,1.662,-9.754,-34.408,4.221,0.09,70.274,375.266,2.937,-9.667,-0.42,-12.703,-55.564
1.508,1.738,-9.903,-33.126,1.292,0.822,70.281,375.067,8.532,-9.956,-0.321,-12.912,-55.516
1.508,1.738,-9.903,-33.126,1.292,0.822,70.29,374.835,8.532,-9.956,-0.222,-13.158,-55.44
1.508,1.738,-9.903,-33.126,1.292,0.822,70.299,374.603,8.532,-9.956,-0.123,-13.401,-55.363
0.551,2.222,-9.003,-28.67,-0.234,-0.399,70.298,374.431,3.399,-13.864,-0.09,-13.61,-55.242
0.551,2.222,-9.003,-28.67,-0.234,-0.399,70.296,374.23,3.399,-13.864,-0.057,-13.851,-55.094
0.551,2.222,-9.003,-28.67,-0.234,-0.399,70.295,374.03,3.399,-13.864,-0.024,-14.09,-54.946
-0.067,1.762,-8.907,-12.74,0.315,-0.154,70.297,373.953,-0.423,-11.191,-0.026,-14.152,-54.896
-0.067,1.762,-8.907,-12.74,0.315,-0.154,70.299,373.864,-0.423,-11.191,-0.027,-14.228,-54.834
-0.067,1.762,-8.907,-12.74,0.315,-0.154,70.301,373.775,-0.423,-11.191,-0.029,-14.303,-54.774
-2.27,2.227,-9.328,-2.059,2.879,1.921,70.318,373.763,-13.316,-13.426,-0.141,-14.309,-54.645
-2.27,2.227,-9.328,-2.059,2.879,1.921,70.338,373.748,-13.316,-13.426,-0.249,-14.318,-54.519
-2.902,1.997,-9.822,-1.631,3.611,1.799,70.364,373.737,-16.148,-11.492,-0.378,-14.303,-54.389
-2.902,1.997,-9.822,-1.631,3.611,1.799,70.389,373.725,-16.148,-11.492,-0.506,-14.288,-54.261
-2.902,1.997,-9.822,-1.631,3.611,1.799,70.414,373.714,-16.148,-11.492,-0.632,-14.274,-54.134
-2.332,1.829,-10.473,-12.679,2.207,2.47,70.428,373.638,-12.372,-9.908,-0.734,-14.321,-53.987
-2.332,1.829,-10.473,-12.679,2.207,2.47,70.443,373.549,-12.372,-9.908,-0.832,-14.382,-53.831
-2.332,1.829,-10.473,-12.679,2.207,2.47,70.456,373.473,-12.372,-9.908,-0.931,-14.428,-53.687
-2.332,1.829,-10.473,-12.679,2.207,2.47,70.472,373.384,-12.372,-9.908,-1.027,-14.488,-53.534
-1.939,1.935,-9.98,-33.553,0.62,2.287,70.475,373.183,-10.801,-10.971,-1.121,-14.692,-52.059
-1.939,1.935,-9.98,-33.553,0.62,2.287,70.48,372.948,-10.801,-10.971,-1.212,-14.934,-51.753
-1.939,1.935,-9.98,-33.553,0.62,2.287,70.484,372.713,-10.801,-10.971,-1.303,-15.173,-51.447
0.9,2.38,-8.734,-40.389,-0.112,2.226,70.483,372.471,5.679,-15.242,-1.234,-15.462,-51.266
0.9,2.38,-8.734,-40.389,-0.112,2.226,70.483,372.188,5.679,-15.242,-1.166,-15.795,-51.042
-0.623,2.605,-8.548,-18.966,-0.784,3.019,70.476,372.036,-3.985,-16.949,-1.202,-15.987,-50.829
-0.623,2.605,-8.548,-18.966,-0.784,3.019,70.471,371.904,-3.985,-16.949,-1.236,-16.155,-50.639
-0.623,2.605,-8.548,-18.966,-0.784,3.019,70.466,371.79,-3.985,-16.949,-1.269,-16.298,-50.471
-0.872,2.327,-9.213,4.838,0.437,3.813,70.469,371.824,-5.24,-14.176,-1.305,-16.236,-50.488
-0.872,2.327,-9.213,4.838,0.437,3.813,70.472,371.858,-5.24,-14.176,-1.341,-16.175,-50.505
-0.872,2.327,-9.213,4.838,0.437,3.813,70.475,371.887,-5.24,-14.176,-1.377,-16.121,-50.516
0.618,2.514,-9.726,8.501,0.132,4.179,70.476,371.955,3.519,-14.493,-1.326,-16.024,-50.66
0.618,2.514,-9.726,8.501,0.132,4.179,70.477,372.014,3.519,-14.493,-1.277,-15.938,-50.792
0.618,2.514,-9.726,8.501,0.132,4.179,70.478,372.074,3.519,-14.493,-1.228,-15.853,-50.922
1.547,2.38,-9.822,0.627,-1.394,3.386,70.469,372.077,8.702,-13.621,-1.138,-15.826,-51.044
1.547,2.38,-9.822,0.627,-1.394,3.386,70.458,372.082,8.702,-13.621,-1.053,-15.798,-51.162
1.547,2.38,-9.822,0.627,-1.394,3.386,70.45,372.086,8.702,-13.621,-0.966,-15.772,-51.282
2.131,1.82,-9.754,-10.176,-2.798,3.996,70.43,372.015,12.12,-10.567,-0.858,-15.804,-52.713
2.131,1.82,-9.754,-10.176,-2.798,3.996,70.411,371.944,12.12,-10.567,-0.752,-15.837,-52.807
2.131,1.82,-9.754,-10.176,-2.798,3.996,70.394,371.883,12.12,-10.567,-0.643,-15.856,-52.916
1.092,2.773,-9.673,-16.402,-2.432,5.217,70.377,371.768,6.192,-15.994,-0.595,-15.994,-52.849
1.092,2.773,-9.673,-16.402,-2.432,5.217,70.362,371.669,6.192,-15.994,-0.544,-16.111,-52.803
1.092,2.773,-9.673,-16.402,-2.432,5.217,70.345,371.555,6.192,-15.994,-0.497,-16.246,-52.736
1.164,2.888,-8.117,-5.66,-2.004,3.691,70.331,371.515,7.692,-19.583,-0.432,-16.327,-52.74
1.164,2.888,-8.117,-5.66,-2.004,3.691,70.317,371.475,7.692,-19.583,-0.367,-16.406,-52.745
1.164,2.888,-8.117,-5.66,-2.004,3.691,70.305,371.441,7.692,-19.583,-0.301,-16.478,-52.758
0.594,1.523,-9.209,19.487,3.733,-0.093,70.331,371.578,3.64,-9.39,-0.23,-16.246,-53.053
0.594,1.523,-9.209,19.487,3.733,-0.093,70.358,371.714,3.64,-9.39,-0.161,-16.015,-53.341
0.594,1.523,-9.209,19.487,3.733,-0.093,70.384,371.851,3.64,-9.39,-0.092,-15.787,-53.625
0.053,2.548,-8.806,51.653,1.231,1.005,70.391,372.161,0.329,-16.135,-0.079,-15.422,-53.956
0.053,2.548,-8.806,51.653,1.231,1.005,70.4,372.522,0.329,-16.135,-0.064,-14.999,-54.332
0.053,2.548,-8.806,51.653,1.231,1.005,70.407,372.832,0.329,-16.135,-0.052,-14.643,-54.644
-0.029,1.695,-10.832,62.762,-0.234,1.371,70.405,373.271,-0.15,-8.895,-0.055,-14.063,-55.111
-0.029,1.695,-10.832,62.762,-0.234,1.371,70.404,373.711,-0.15,-8.895,-0.057,-13.49,-55.561
-0.029,1.695,-10.832,62.762,-0.234,1.371,70.402,374.15,-0.15,-8.895,-0.06,-12.922,-55.994
-0.263,1.35,-10.909,28.581,-0.417,1.371,70.4,374.321,-1.373,-7.057,-0.076,-12.659,-54.659
-0.263,1.35,-10.909,28.581,-0.417,1.371,70.396,374.55,-1.373,-7.057,-0.093,-12.332,-54.902
-0.263,1.35,-10.909,28.581,-0.417,1.371,70.394,374.722,-1.373,-7.057,-0.109,-12.075,-55.086
-0.666,1.647,-10.104,-18.355,-0.295,1.677,70.392,374.593,-3.72,-9.26,-0.148,-12.2,-54.945
-0.666,1.647,-10.104,-18.355,-0.295,1.677,70.389,374.446,-3.72,-9.26,-0.186,-12.345,-54.787
-0.666,1.647,-10.104,-18.355,-0.295,1.677,70.387,374.318,-3.72,-9.26,-0.224,-12.467,-54.647
-0.215,2.016,-9.199,-42.342,0.254,1.921,70.389,374.021,-1.311,-12.361,-0.233,-12.818,-54.353
-0.215,2.016,-9.199,-42.342,0.254,1.921,70.391,373.767,-1.311,-12.361,-0.242,-13.115,-54.099
-0.215,2.016,-9.199,-42.342,0.254,1.921,70.392,373.471,-1.311,-12.361,-0.25,-13.459,-53.801
-0.11,2.37,-8.816,-36.544,1.414,1.555,70.402,373.215,-0.691,-15.05,-0.243,-13.779,-53.538
-0.11,2.37,-8.816,-36.544,1.414,1.555,70.412,372.959,-0.691,-15.05,-0.236,-14.096,-53.273
-0.11,2.37,-8.816,-36.544,1.414,1.555,70.421,372.74,-0.691,-15.05,-0.23,-14.366,-53.043
-0.273,2.418,-8.883,-15.487,1.902,1.433,70.434,372.632,-1.698,-15.229,-0.229,-14.503,-52.923
-0.273,2.418,-8.883,-15.487,1.902,1.433,70.447,372.523,-1.698,-15.229,-0.228,-14.639,-52.803
-0.273,2.418,-8.883,-15.487,1.902,1.433,70.459,372.43,-1.698,-15.229,-0.229,-14.756,-52.697
-0.057,2.294,-9.209,4.106,1.475,1.677,70.469,372.459,-0.347,-13.987,-0.218,-14.714,-52.748
-0.057,2.294,-9.209,4.106,1.475,1.677,70.479,372.488,-0.347,-13.987,-0.207,-14.672,-52.798
-0.057,2.294,-9.209,4.106,1.475,1.677,70.488,372.512,-0.347,-13.987,-0.198,-14.636,-52.841
0.177,2.26,-9.405,17.656,0.376,1.738,70.491,372.636,1.049,-13.513,-0.182,-14.478,-56.031
0.177,2.26,-9.405,17.656,0.376,1.738,70.493,372.742,1.049,-13.513,-0.167,-14.343,-56.157
0.177,2.26,-9.405,17.656,0.376,1.738,70.496,372.866,1.049,-13.513,-0.152,-14.188,-56.297
0.613,2.016,-9.649,25.53,-0.784,1.677,70.491,373.019,3.558,-11.801,-0.12,-13.982,-56.495
0.613,2.016,-9.649,25.53,-0.784,1.677,70.485,373.223,3.558,-11.801,-0.091,-13.717,-56.734
0.613,2.016,-9.649,25.53,-0.784,1.677,70.48,373.376,3.558,-11.801,-0.06,-13.516,-56.923
-0.34,1.92,-9.525,23.271,-0.784,1.433,70.475,373.539,-2.004,-11.399,-0.086,-13.301,-57.055
-0.34,1.92,-9.525,23.271,-0.784,1.433,70.469,373.702,-2.004,-11.399,-0.112,-13.089,-57.185
-0.34,1.92,-9.525,23.271,-0.784,1.433,70.464,373.842,-2.004,-11.399,-0.136,-12.906,-57.292
-1.073,1.939,-9.424,18.022,0.254,1.371,70.466,373.968,-6.361,-11.629,-0.196,-12.744,-57.343
-1.073,1.939,-9.424,18.022,0.254,1.371,70.468,374.076,-6.361,-11.629,-0.256,-12.604,-57.377
-1.073,1.939,-9.424,18.022,0.254,1.371,70.469,374.202,-6.361,-11.629,-0.315,-12.444,-57.426
-0.852,1.906,-9.769,12.651,0.864,1.86,70.475,374.291,-4.895,-11.04,-0.354,-12.325,-57.469
-0.852,1.906,-9.769,12.651,0.864,1.86,70.482,374.379,-4.895,-11.04,-0.392,-12.207,-57.511
0.57,1.896,-9.592,7.097,0.315,2.409,70.484,374.429,3.336,-11.183,-0.352,-12.138,-57.606
0.57,1.896,-9.592,7.097,0.315,2.409,70.486,374.471,3.336,-11.183,-0.313,-12.078,-57.692
0.57,1.896,-9.592,7.097,0.315,2.409,70.488,374.521,3.336,-11.183,-0.274,-12.01,-57.784
1.111,1.791,-9.687,11.125,-0.906,2.409,70.482,374.599,6.434,-10.474,-0.214,-11.902,-57.769
1.111,1.791,-9.687,11.125,-0.906,2.409,70.476,374.666,6.434,-10.474,-0.154,-11.808,-57.898
1.111,1.791,-9.687,11.125,-0.906,2.409,70.47,374.744,6.434,-10.474,-0.096,-11.702,-58.033
-0.172,1.915,-9.276,16.069,-1.821,2.043,70.459,374.84,-1.043,-11.668,-0.118,-11.587,-58.086
-0.172,1.915,-9.276,16.069,-1.821,2.043,70.446,374.952,-1.043,-11.668,-0.143,-11.455,-58.149
-0.172,1.915,-9.276,16.069,-1.821,2.043,70.433,375.065,-1.043,-11.668,-0.167,-11.323,-58.211
-0.795,2.03,-9.036,29.07,-2.309,2.104,70.417,375.268,-4.906,-12.664,-0.234,-11.095,-58.292
-0.795,2.03,-9.036,29.07,-2.309,2.104,70.401,375.472,-4.906,-12.664,-0.3,-10.869,-58.371
-0.795,2.03,-9.036,29.07,-2.309,2.104,70.385,375.675,-4.906,-12.664,-0.365,-10.645,-58.448
-1.643,2.016,-8.423,57.085,-2.737,2.226,70.368,376.018,-10.738,-13.46,-0.488,-10.266,-58.564
-1.643,2.016,-8.423,57.085,-2.737,2.226,70.349,376.418,-10.738,-13.46,-0.613,-9.823,-58.717
-1.643,2.016,-8.423,57.085,-2.737,2.226,70.33,376.817,-10.738,-13.46,-0.737,-9.385,-58.865
-2.385,3.309,-8.988,95.782,-2.248,1.371,70.314,377.488,-13.981,-20.211,-0.888,-8.697,-59.136
-2.385,3.309,-8.988,95.782,-2.248,1.371,70.301,378.062,-13.981,-20.211,-1.035,-8.129,-59.332
-2.385,3.309,-8.988,95.782,-2.248,1.371,70.285,378.733,-13.981,-20.211,-1.184,-7.453,-59.585
-0.675,-1.575,-15.151,93.158,-0.539,5.705,70.281,379.385,-2.538,5.936,-1.202,-6.545,-60.082
-0.675,-1.575,-15.151,93.158,-0.539,5.705,70.278,380.037,-2.538,5.936,-1.219,-5.645,-60.554
-0.675,-1.575,-15.151,93.158,-0.539,5.705,70.274,380.689,-2.538,5.936,-1.237,-4.755,-61.004
-0.01,-1.087,-6.953,-3.096,2.696,4.79,70.293,380.667,-0.078,8.885,-1.203,-4.644,-61.09
-0.01,-1.087,-6.953,-3.096,2.696,4.79,70.312,380.646,-0.078,8.885,-1.169,-4.535,-61.176
-0.01,-1.087,-6.953,-3.096,2.696,4.79,70.33,380.624,-0.078,8.885,-1.136,-4.426,-61.26
-0.474,6.244,-3.05,-43.197,-1.76,1.677,70.32,380.365,-3.902,-63.965,-1.176,-5.329,-57.016
-0.474,6.244,-3.05,-43.197,-1.76,1.677,70.308,380.063,-3.902,-63.965,-1.218,-6.275,-56.449
-0.474,6.244,-3.05,-43.197,-1.76,1.677,70.295,379.76,-3.902,-63.965,-1.26,-7.211,-55.865
-3.405,3.113,-10.65,18.266,2.818,7.414,70.312,379.87,-17.059,-16.292,-1.398,-7.172,-55.772
-3.405,3.113,-10.65,18.266,2.818,7.414,70.332,379.998,-17.059,-16.292,-1.531,-7.111,-55.696
-3.405,3.113,-10.65,18.266,2.818,7.414,70.349,380.107,-17.059,-16.292,-1.666,-7.073,-55.606
6.038,1.389,-7.159,82.659,1.048,-3.939,70.356,380.686,39.626,-10.978,-1.244,-6.424,-56.342
6.038,1.389,-7.159,82.659,1.048,-3.939,70.362,381.182,39.626,-10.978,-0.828,-5.881,-56.998
6.038,1.389,-7.159,82.659,1.048,-3.939,70.369,381.678,39.626,-10.978,-0.416,-5.342,-57.637
2.854,-1.092,-12.57,124.469,0.437,3.691,70.372,382.549,12.746,4.964,-0.281,-4.204,-58.343
2.854,-1.092,-12.57,124.469,0.437,3.691,70.374,383.296,12.746,4.964,-0.148,-3.225,-58.937
2.854,-1.092,-12.57,124.469,0.437,3.691,70.377,384.167,12.746,4.964,-0.015,-2.108,-59.568
-0.991,-0.306,-10.367,53.24,1.536,0.822,70.388,384.54,-5.459,1.693,-0.057,-1.628,-59.754
-0.991,-0.306,-10.367,53.24,1.536,0.822,70.399,384.913,-5.459,1.693,-0.098,-1.152,-59.934
-0.991,-0.306,-10.367,53.24,1.536,0.822,70.408,385.232,-5.459,1.693,-0.141,-0.744,-60.081
-0.508,0.297,-9.295,23.576,1.231,0.883,70.417,385.397,-3.124,-1.83,-0.16,-0.559,-60.146
-0.508,0.297,-9.295,23.576,1.231,0.883,70.425,385.562,-3.124,-1.83,-0.18,-0.375,-60.211
-0.508,0.297,-9.295,23.576,1.231,0.883,70.433,385.703,-3.124,-1.83,-0.2,-0.222,-60.261
2.433,0.048,-9.386,40.911,-0.417,1.555,70.43,385.99,14.53,-0.292,-0.056,0.118,-57.737
2.433,0.048,-9.386,40.911,-0.417,1.555,70.427,386.276,14.53,-0.292,0.086,0.454,-57.991
2.433,0.048,-9.386,40.911,-0.417,1.555,70.424,386.563,14.53,-0.292,0.227,0.787,-58.24
1.575,-0.283,-9.774,48.662,-0.417,2.348,70.421,386.855,9.153,1.656,0.313,1.142,-58.456
1.575,-0.283,-9.774,48.662,-0.417,2.348,70.419,387.147,9.153,1.656,0.399,1.494,-58.667
1.575,-0.283,-9.774,48.662,-0.417,2.348,70.416,387.487,9.153,1.656,0.483,1.901,-58.896
-0.441,-0.895,-10.578,36.943,0.62,2.958,70.42,387.709,-2.376,4.839,0.459,2.193,-58.999
-0.441,-0.895,-10.578,36.943,0.62,2.958,70.424,387.967,-2.376,4.839,0.435,2.527,-59.119
-0.441,-0.895,-10.578,36.943,0.62,2.958,70.428,388.226,-2.376,4.839,0.412,2.857,-59.235
-2.351,-0.733,-9.826,11.552,1.78,1.921,70.441,388.307,-13.421,4.264,0.289,2.967,-59.195
-2.351,-0.733,-9.826,11.552,1.78,1.921,70.453,388.388,-13.421,4.264,0.167,3.076,-59.156
-2.351,-0.733,-9.826,11.552,1.78,1.921,70.466,388.469,-13.421,4.264,0.046,3.184,-59.118
-1.025,-0.196,-8.825,7.463,3.367,0.944,70.489,388.521,-6.622,1.274,0.007,3.227,-59.109
-1.025,-0.196,-8.825,7.463,3.367,0.944,70.513,388.573,-6.622,1.274,-0.031,3.27,-59.101
-1.025,-0.196,-8.825,7.463,3.367,0.944,70.536,388.625,-6.622,1.274,-0.069,3.312,-59.093
-0.163,-0.694,-10.54,21.623,3.245,1.066,70.562,388.798,-0.883,3.769,-0.047,3.522,-59.191
-0.163,-0.694,-10.54,21.623,3.245,1.066,70.585,388.95,-0.883,3.769,-0.028,3.704,-59.275
-0.034,-0.747,-10.43,3.74,0.803,1.433,70.59,388.972,-0.184,4.097,-0.024,3.735,-56.737
-0.034,-0.747,-10.43,3.74,0.803,1.433,70.596,388.998,-0.184,4.097,-0.019,3.77,-56.754
-0.034,-0.747,-10.43,3.74,0.803,1.433,70.601,389.025,-0.184,4.097,-0.014,3.804,-56.771
0.254,-0.819,-10.109,-21.285,-0.539,1.31,70.598,388.897,1.434,4.631,-0.003,3.661,-56.72
0.254,-0.819,-10.109,-21.285,-0.539,1.31,70.594,388.748,1.434,4.631,0.007,3.493,-56.658
0.254,-0.819,-10.109,-21.285,-0.539,1.31,70.59,388.599,1.434,4.631,0.017,3.328,-56.596
-2.155,-0.311,-9.012,-33.981,0.315,1.249,70.593,388.361,-13.44,1.978,-0.115,3.032,-56.39
-2.155,-0.311,-9.012,-33.981,0.315,1.249,70.595,388.123,-13.44,1.978,-0.246,2.738,-56.184
-2.155,-0.311,-9.012,-33.981,0.315,1.249,70.597,387.885,-13.44,1.978,-0.375,2.448,-55.978
-2.461,-0.426,-9.596,-19.393,2.146,0.639,70.612,387.75,-14.372,2.543,-0.497,2.288,-55.831
-2.461,-0.426,-9.596,-19.393,2.146,0.639,70.627,387.614,-14.372,2.543,-0.618,2.129,-55.684
-2.461,-0.426,-9.596,-19.393,2.146,0.639,70.642,387.478,-14.372,2.543,-0.738,1.972,-55.539
-1.077,-0.33,-9.994,-7.064,2.146,-0.826,70.655,387.436,-6.15,1.894,-0.777,1.921,-55.491
-1.077,-0.33,-9.994,-7.064,2.146,-0.826,70.672,387.379,-6.15,1.894,-0.81,1.854,-55.44
-1.077,-0.33,-9.994,-7.064,2.146,-0.826,70.687,387.33,-6.15,1.894,-0.846,1.795,-55.391
-2.481,-0.345,-9.831,-11.58,0.62,-1.619,70.691,387.26,-14.153,2.009,-0.974,1.715,-55.273
-2.481,-0.345,-9.831,-11.58,0.62,-1.619,70.695,387.179,-14.153,2.009,-1.101,1.621,-55.15
-2.481,-0.345,-9.831,-11.58,0.62,-1.619,70.699,387.11,-14.153,2.009,-1.227,1.543,-55.034
1.101,-0.057,-9.745,-12.557,-0.173,-1.986,70.698,387.022,6.448,0.338,-1.152,1.426,-58.748
1.101,-0.057,-9.745,-12.557,-0.173,-1.986,70.697,386.934,6.448,0.338,-1.077,1.311,-58.749
1.101,-0.057,-9.745,-12.557,-0.173,-1.986,70.696,386.859,6.448,0.338,-1.003,1.212,-58.758
1.93,-0.35,-9.127,-1.753,-0.723,-0.826,70.691,386.848,11.93,2.193,-0.879,1.209,-58.848
1.93,-0.35,-9.127,-1.753,-0.723,-0.826,70.686,386.836,11.93,2.193,-0.757,1.204,-58.936
1.93,-0.35,-9.127,-1.753,-0.723,-0.826,70.681,386.823,11.93,2.193,-0.636,1.2,-59.024
-1.48,-0.326,-9.175,11.613,-0.539,0.334,70.677,386.905,-9.156,2.033,-0.726,1.305,-59.005
-1.48,-0.326,-9.175,11.613,-0.539,0.334,70.674,386.974,-9.156,2.033,-0.814,1.395,-58.981
-1.48,-0.326,-9.175,11.613,-0.539,0.334,70.67,387.056,-9.156,2.033,-0.902,1.498,-58.964
-0.924,-0.053,-9.271,27.178,-0.356,0.151,70.668,387.246,-5.693,0.326,-0.953,1.712,-59.024
-0.924,-0.053,-9.271,27.178,-0.356,0.151,70.666,387.409,-5.693,0.326,-1.003,1.892,-59.069
-0.924,-0.053,-9.271,27.178,-0.356,0.151,70.663,387.599,-5.693,0.326,-1.052,2.102,-59.128
5.579,-0.814,-10.487,35.112,0.193,0.09,70.664,387.845,27.94,4.439,-0.761,2.417,-59.477
5.579,-0.814,-10.487,35.112,0.193,0.09,70.666,388.091,27.94,4.439,-0.472,2.73,-59.819
5.579,-0.814,-10.487,35.112,0.193,0.09,70.667,388.302,27.94,4.439,-0.187,2.997,-60.136
5.086,-0.292,-10.099,20.708,0.681,0.761,70.672,388.446,26.718,1.657,0.088,3.156,-60.399
5.086,-0.292,-10.099,20.708,0.681,0.761,70.677,388.591,26.718,1.657,0.36,3.313,-60.658
5.086,-0.292,-10.099,20.708,0.681,0.761,70.681,388.736,26.718,1.657,0.629,3.469,-60.914
-0.828,-0.781,-9.616,9.599,-0.661,3.019,70.677,388.804,-4.908,4.641,0.568,3.56,-60.906
-0.828,-0.781,-9.616,9.599,-0.661,3.019,70.673,388.861,-4.908,4.641,0.509,3.639,-60.895
-0.828,-0.781,-9.616,9.599,-0.661,3.019,70.668,388.928,-4.908,4.641,0.449,3.729,-60.887
-1.461,-0.474,-9.438,9.416,0.376,2.592,70.67,388.985,-8.785,2.875,0.359,3.788,-57.241
-1.461,-0.474,-9.438,9.416,0.376,2.592,70.673,389.051,-8.785,2.875,0.271,3.857,-57.21
-1.461,-0.474,-9.438,9.416,0.376,2.592,70.675,389.107,-8.785,2.875,0.183,3.914,-57.175
-1.786,-0.857,-9.812,14.909,0.986,2.165,70.682,389.212,-10.279,4.993,0.087,4.049,-57.168
-1.786,-0.857,-9.812,14.909,0.986,2.165,70.689,389.316,-10.279,4.993,-0.009,4.183,-57.162
-1.786,-0.857,-9.812,14.909,0.986,2.165,70.696,389.42,-10.279,4.993,-0.103,4.315,-57.156
-1.001,-0.929,-10.133,10.332,0.803,1.494,70.701,389.482,-5.617,5.238,-0.153,4.397,-57.159
-1.001,-0.929,-10.133,10.332,0.803,1.494,70.706,389.544,-5.617,5.238,-0.201,4.48,-57.162
-1.001,-0.929,-10.133,10.332,0.803,1.494,70.71,389.606,-5.617,5.238,-0.25,4.561,-57.165
0.019,-0.833,-9.874,-3.34,0.254,1.066,70.712,389.583,0.111,4.823,-0.244,4.536,-57.158
0.019,-0.833,-9.874,-3.34,0.254,1.066,70.714,389.56,0.111,4.823,-0.239,4.511,-57.151
0.019,-0.833,-9.874,-3.34,0.254,1.066,70.715,389.54,0.111,4.823,-0.233,4.49,-57.145
-0.053,-0.656,-9.333,-9.566,0.437,0.883,70.719,389.473,-0.323,4.021,-0.231,4.406,-57.11
-0.053,-0.656,-9.333,-9.566,0.437,0.883,70.722,389.406,-0.323,4.021,-0.228,4.322,-57.076
-0.053,-0.656,-9.333,-9.566,0.437,0.883,70.725,389.339,-0.323,4.021,-0.225,4.24,-57.041
0.091,-0.584,-9.429,-3.401,1.597,1.005,70.736,389.315,0.552,3.546,-0.204,4.205,-57.04
0.091,-0.584,-9.429,-3.401,1.597,1.005,70.745,389.294,0.552,3.546,-0.185,4.174,-57.039
0.091,-0.584,-9.429,-3.401,1.597,1.005,70.755,389.274,0.552,3.546,-0.166,4.143,-57.038
0.541,-0.666,-9.841,5.205,1.902,1.005,70.768,389.31,3.14,3.87,-0.117,4.184,-56.491
0.541,-0.666,-9.841,5.205,1.902,1.005,70.78,389.342,3.14,3.87,-0.071,4.218,-56.536
0.541,-0.666,-9.841,5.205,1.902,1.005,70.795,389.383,3.14,3.87,-0.021,4.264,-56.588
0.278,-0.757,-10.066,5.632,1.109,1.249,70.803,389.423,1.576,4.299,0.004,4.311,-56.625
0.278,-0.757,-10.066,5.632,1.109,1.249,70.809,389.457,1.576,4.299,0.028,4.351,-56.657
0.278,-0.757,-10.066,5.632,1.109,1.249,70.817,389.496,1.576,4.299,0.052,4.397,-56.693
0.239,-0.714,-9.793,-0.35,-0.661,1.494,70.812,389.493,1.397,4.167,0.06,4.392,-56.696
0.239,-0.714,-9.793,-0.35,-0.661,1.494,70.808,389.491,1.397,4.167,0.068,4.387,-56.698
-0.517,-0.766,-9.505,-4.439,-0.845,1.677,70.802,389.46,-3.104,4.608,0.029,4.352,-56.659
-0.517,-0.766,-9.505,-4.439,-0.845,1.677,70.797,389.433,-3.104,4.608,-0.008,4.323,-56.622
-0.517,-0.766,-9.505,-4.439,-0.845,1.677,70.791,389.402,-3.104,4.608,-0.046,4.289,-56.583
-0.517,-0.766,-9.505,-4.439,-0.845,1.677,70.786,389.376,-3.104,4.608,-0.083,4.261,-56.547
-0.407,-0.661,-9.362,-3.401,0.62,1.494,70.79,389.352,-2.483,4.038,-0.101,4.23,-56.522
-0.407,-0.661,-9.362,-3.401,0.62,1.494,70.795,389.328,-2.483,4.038,-0.12,4.2,-56.497
-0.321,-0.709,-9.635,0.139,2.085,1.371,70.807,389.329,-1.902,4.207,-0.123,4.201,-56.495
-0.321,-0.709,-9.635,0.139,2.085,1.371,70.82,389.33,-1.902,4.207,-0.126,4.202,-56.494
-0.321,-0.709,-9.635,0.139,2.085,1.371,70.832,389.331,-1.902,4.207,-0.129,4.203,-56.492
-0.508,-0.785,-9.951,-0.167,2.451,1.249,70.852,389.329,-2.911,4.513,-0.133,4.205,-58.909
-0.508,-0.785,-9.951,-0.167,2.451,1.249,70.866,389.328,-2.911,4.513,-0.144,4.206,-58.902
-0.508,-0.785,-9.951,-0.167,2.451,1.249,70.884,389.327,-2.911,4.513,-0.151,4.208,-58.898
-0.283,-0.694,-10.047,-5.782,1.719,0.944,70.896,389.287,-1.607,3.954,-0.151,4.157,-58.877
-0.283,-0.694,-10.047,-5.782,1.719,0.944,70.906,389.252,-1.607,3.954,-0.154,4.114,-58.857
-0.283,-0.694,-10.047,-5.782,1.719,0.944,70.918,389.211,-1.607,3.954,-0.154,4.065,-58.836
-0.311,-0.709,-10.047,-14.327,0.742,0.7,70.922,389.125,-1.77,4.035,-0.165,3.962,-58.786
-0.311,-0.709,-10.047,-14.327,0.742,0.7,70.928,389.025,-1.77,4.035,-0.175,3.844,-58.73
-0.311,-0.709,-10.047,-14.327,0.742,0.7,70.932,388.939,-1.77,4.035,-0.185,3.743,-58.68
-0.311,-0.709,-10.047,-14.327,0.742,0.7,70.937,388.839,-1.77,4.035,-0.195,3.627,-58.624
0.852,-0.508,-9.788,-21.956,0.01,0.395,70.937,388.685,4.97,2.969,-0.143,3.438,-58.579
0.852,-0.508,-9.788,-21.956,0.01,0.395,70.937,388.531,4.97,2.969,-0.092,3.251,-58.535
0.852,-0.508,-9.788,-21.956,0.01,0.395,70.937,388.4,4.97,2.969,-0.041,3.091,-58.502
1.413,-0.316,-9.022,-19.454,-0.173,0.639,70.936,388.264,8.894,2.006,0.047,2.919,-58.489
1.413,-0.316,-9.022,-19.454,-0.173,0.639,70.935,388.147,8.894,2.006,0.134,2.771,-58.487
1.413,-0.316,-9.022,-19.454,-0.173,0.639,70.934,388.011,8.894,2.006,0.22,2.602,-58.475
-0.56,-0.45,-8.955,-3.035,1.536,1.371,70.943,387.992,-3.576,2.878,0.193,2.583,-58.447
-0.56,-0.45,-8.955,-3.035,1.536,1.371,70.954,387.971,-3.576,2.878,0.168,2.56,-58.419
-0.56,-0.45,-8.955,-3.035,1.536,1.371,70.965,387.95,-3.576,2.878,0.144,2.538,-58.392
-1.058,-0.527,-9.429,12.712,3.916,1.371,70.988,388.026,-6.394,3.198,0.106,2.636,-57.721
-1.058,-0.527,-9.429,12.712,3.916,1.371,71.016,388.115,-6.394,3.198,0.074,2.747,-57.748
-1.058,-0.527,-9.429,12.712,3.916,1.371,71.043,388.204,-6.394,3.198,0.042,2.857,-57.774
-0.034,-0.565,-10.018,17.412,4.527,1.249,71.07,388.309,-0.191,3.228,0.071,2.985,-57.852
-0.034,-0.565,-10.018,17.412,4.527,1.249,71.102,388.431,-0.191,3.228,0.106,3.132,-57.941
-0.034,-0.565,-10.018,17.412,4.527,1.249,71.129,388.535,-0.191,3.228,0.136,3.257,-58.016
0.46,-0.599,-10.037,12.102,3.062,1.31,71.15,388.62,2.618,3.413,0.186,3.359,-58.095
0.46,-0.599,-10.037,12.102,3.062,1.31,71.169,388.692,2.618,3.413,0.232,3.446,-58.165
0.46,-0.599,-10.037,12.102,3.062,1.31,71.19,388.777,2.618,3.413,0.281,3.547,-58.242
-0.081,-0.623,-9.845,4.655,1.292,1.555,71.198,388.805,-0.473,3.618,0.283,3.58,-58.258
-0.081,-0.623,-9.845,4.655,1.292,1.555,71.206,388.833,-0.473,3.618,0.285,3.614,-58.273
-0.081,-0.623,-9.845,4.655,1.292,1.555,71.216,388.87,-0.473,3.618,0.289,3.658,-58.295
-0.335,-0.623,-9.606,1.298,0.559,1.616,71.219,388.878,-1.994,3.708,0.271,3.668,-58.286
-0.335,-0.623,-9.606,1.298,0.559,1.616,71.223,388.886,-1.994,3.708,0.252,3.678,-58.277
-0.335,-0.623,-9.606,1.298,0.559,1.616,71.227,388.895,-1.994,3.708,0.234,3.689,-58.27
0.522,-0.613,-9.606,3.19,0.62,1.738,71.231,388.917,3.104,3.651,0.268,3.715,-58.304
0.522,-0.613,-9.606,3.19,0.62,1.738,71.235,388.939,3.104,3.651,0.302,3.741,-58.339
0.522,-0.613,-9.606,3.19,0.62,1.738,71.239,388.959,3.104,3.651,0.334,3.763,-58.37
1.159,-0.584,-9.577,6.792,0.559,2.104,71.243,389.006,6.887,3.491,0.404,3.816,-58.442
1.159,-0.584,-9.577,6.792,0.559,2.104,71.246,389.047,6.887,3.491,0.473,3.862,-58.508
1.159,-0.584,-9.577,6.792,0.559,2.104,71.25,389.088,6.887,3.491,0.541,3.906,-58.574
-0.139,-0.68,-9.419,11.125,0.559,2.836,71.254,389.166,-0.842,4.129,0.532,4.001,-58.459
-0.139,-0.68,-9.419,11.125,0.559,2.836,71.257,389.232,-0.842,4.129,0.522,4.082,-58.484
-0.139,-0.68,-9.419,11.125,0.559,2.836,71.261,389.31,-0.842,4.129,0.513,4.175,-58.515
-2.327,-0.785,-9.606,18.022,0.681,2.897,71.265,389.418,-13.575,4.674,0.377,4.308,-58.478
-2.327,-0.785,-9.606,18.022,0.681,2.897,71.27,389.544,-13.575,4.674,0.243,4.462,-58.452
-2.327,-0.785,-9.606,18.022,0.681,2.897,71.274,389.653,-13.575,4.674,0.11,4.592,-58.417
-1.245,-0.881,-10.027,19.609,1.17,2.043,71.281,389.77,-7.051,5.022,0.047,4.736,-58.433
-1.245,-0.881,-10.027,19.609,1.17,2.043,71.288,389.888,-7.051,5.022,-0.016,4.879,-58.449
-1.245,-0.881,-10.027,19.609,1.17,2.043,71.296,390.025,-7.051,5.022,-0.077,5.043,-58.475
0.412,-0.848,-10.104,13.933,0.498,1.188,71.3,390.123,2.326,4.795,-0.048,5.157,-58.537
0.412,-0.848,-10.104,13.933,0.498,1.188,71.303,390.206,2.326,4.795,-0.021,5.252,-58.591
0.412,-0.848,-10.104,13.933,0.498,1.188,71.306,390.304,2.326,4.795,0.006,5.364,-58.652
1.925,-0.809,-10.564,4.228,-1.577,1.066,71.297,390.329,10.298,4.381,0.098,5.384,-58.718
1.925,-0.809,-10.564,4.228,-1.577,1.066,71.286,390.359,10.298,4.381,0.187,5.409,-58.784
1.925,-0.809,-10.564,4.228,-1.577,1.066,71.276,390.384,10.298,4.381,0.277,5.429,-58.849
2.768,-0.752,-10.722,-12.496,-4.995,1.31,71.241,390.297,14.441,4.011,0.377,5.311,-58.868
2.768,-0.752,-10.722,-12.496,-4.995,1.31,71.211,390.222,14.441,4.011,0.482,5.209,-58.896
2.768,-0.752,-10.722,-12.496,-4.995,1.31,71.176,390.134,14.441,4.011,0.58,5.093,-58.915
6.072,-0.584,-11.483,-20.308,-10.244,2.958,71.105,389.992,27.838,2.912,0.767,4.902,-55.682
6.072,-0.584,-11.483,-20.308,-10.244,2.958,71.043,389.87,27.838,2.912,0.965,4.738,-55.742
6.072,-0.584,-11.483,-20.308,-10.244,2.958,70.971,389.728,27.838,2.912,1.149,4.55,-55.784
15.4,-1.753,-10.717,-35.751,-16.104,7.231,70.859,389.478,54.811,9.288,1.551,4.301,-55.95
15.4,-1.753,-10.717,-35.751,-16.104,7.231,70.746,389.228,54.811,9.288,1.95,4.053,-56.12
15.4,-1.753,-10.717,-35.751,-16.104,7.231,70.649,389.013,54.811,9.288,2.364,3.851,-56.325
35.292,-1.077,-18.633,-41.854,-34.17,23.039,70.444,388.762,62.129,3.309,2.718,3.547,-56.449
35.292,-1.077,-18.633,-41.854,-34.17,23.039,70.205,388.469,62.129,3.309,3.028,3.196,-56.524
35.292,-1.077,-18.633,-41.854,-34.17,23.039,69.966,388.176,62.129,3.309,3.335,2.85,-56.601
22.43,-2.279,-38.932,-8.59,-147.514,45.44,69.081,388.124,29.905,3.351,2.549,2.793,-55.99
22.43,-2.279,-38.932,-8.59,-147.514,45.44,68.048,388.064,29.905,3.351,1.596,2.727,-55.264
22.43,-2.279,-38.932,-8.59,-147.514,45.44,67.016,388.004,29.905,3.351,0.652,2.662,-54.562
-0.91,0.302,-24.915,-147.874,-338.984,49.834,64.643,386.969,-2.091,-0.694,-2.194,1.399,-51.961
-0.91,0.302,-24.915,-147.874,-338.984,49.834,62.27,385.934,-2.091,-0.694,-5.012,0.148,-49.421
-0.91,0.302,-24.915,-147.874,-338.984,49.834,60.236,385.047,-2.091,-0.694,-7.399,-0.914,-47.306
-11.469,-0.958,-5.138,-313.099,-480.649,9.306,56.871,382.855,-65.5,10.558,-11.977,-3.403,-43.04
-11.469,-0.958,-5.138,-313.099,-480.649,9.306,53.507,380.663,-65.5,10.558,-16.51,-5.867,-38.959
-11.469,-0.958,-5.138,-313.099,-480.649,9.306,50.623,378.785,-65.5,10.558,-20.426,-7.935,-35.637
-19.854,-1.288,8.304,-143.784,-497.495,-40.438,47.14,377.778,-67.06,171.182,-25.029,-7.339,-35.634
-19.854,-1.288,8.304,-143.784,-497.495,-40.438,43.658,376.772,-67.06,171.182,-29.587,-6.75,-34.566
-19.854,-1.288,8.304,-143.784,-497.495,-40.438,40.673,375.909,-67.06,171.182,-33.507,-5.995,-34.083
-43.826,2.916,-56.492,51.531,-425.106,-57.772,37.697,376.27,-37.767,-2.955,-37.085,-5.536,-33.592
-43.826,2.916,-56.492,51.531,-425.106,-57.772,34.722,376.63,-37.767,-2.955,-40.627,-5.082,-33.241
-43.826,2.916,-56.492,51.531,-425.106,-57.772,32.171,376.94,-37.767,-2.955,-43.629,-4.694,-33.043
-26.007,0.421,24.384,366.965,-219.11,-29.024,30.418,379.875,-46.841,-179.01,-45.743,-2.949,-34.232
-26.007,0.421,24.384,366.965,-219.11,-29.024,28.884,382.444,-46.841,-179.01,-47.576,-1.658,-35.097
-26.007,0.421,24.384,366.965,-219.11,-29.024,27.35,385.013,-46.841,-179.01,-49.391,-0.38,-35.981
-14.96,2.433,16.037,668.117,-22.329,3.752,27.194,389.69,-42.684,-171.375,-49.51,3.466,-39.224
-14.96,2.433,16.037,668.117,-22.329,3.752,27.06,393.698,-42.684,-171.375,-49.601,6.48,-41.721
-14.96,2.433,16.037,668.117,-22.329,3.752,26.904,398.375,-42.684,-171.375,-49.717,10.258,-44.795
-1.892,-4.056,2.749,856.292,77.953,-45.138,27.45,404.369,-21.109,124.125,-48.783,18.517,-51.353
-1.892,-4.056,2.749,856.292,77.953,-45.138,27.917,409.507,-21.109,124.125,-47.951,25.677,-56.742
-1.892,-4.056,2.749,856.292,77.953,-45.138,28.385,414.645,-21.109,124.125,-47.126,32.765,-61.811
0.852,-8.639,0.421,947.052,81.066,-84.628,29.034,422.221,5.628,92.793,-45.828,42.366,-68.257
0.852,-8.639,0.421,947.052,81.066,-84.628,29.52,427.904,5.628,92.793,-44.736,49.621,-72.811
0.852,-8.639,0.421,947.052,81.066,-84.628,30.087,434.533,5.628,92.793,-43.558,57.929,-77.77
0.101,-6.283,-0.709,930.329,52.623,-116.672,30.456,441.045,0.911,83.564,-42.676,65.922,-44.349
0.101,-6.283,-0.709,930.329,52.623,-116.672,30.771,446.627,0.911,83.564,-41.865,72.729,-48
0.101,-6.283,-0.709,930.329,52.623,-116.672,31.14,453.139,0.911,83.564,-41,80.574,-51.889
-0.642,-8.438,1.595,911.346,17.344,-131.138,31.244,458.608,-4.274,100.702,-40.509,87.272,-55.004
-0.642,-8.438,1.595,911.346,17.344,-131.138,31.365,464.987,-4.274,100.702,-40.002,94.985,-58.328
-0.642,-8.438,1.595,911.346,17.344,-131.138,31.487,471.366,-4.274,100.702,-39.501,102.621,-61.324
-1.111,-7.911,0.005,943.268,-22.757,-129.673,31.327,477.969,-7.994,90.035,-39.375,110.339,-64.302
-1.111,-7.911,0.005,943.268,-22.757,-129.673,31.168,484.572,-7.994,90.035,-39.25,117.98,-67.044
-1.111,-7.911,0.005,943.268,-22.757,-129.673,31.009,491.175,-7.994,90.035,-39.127,125.545,-69.554
-1.59,-7.451,-0.225,932.099,-61.759,-122.227,30.638,496.768,-12.039,88.27,-39.296,131.816,-71.8
-1.59,-7.451,-0.225,932.099,-61.759,-122.227,30.206,503.292,-12.039,88.27,-39.537,139.132,-74.436
-1.59,-7.451,-0.225,932.099,-61.759,-122.227,29.774,509.817,-12.039,88.27,-39.776,146.375,-77.047
-2.155,-7.585,0.958,906.952,-94.718,-106.723,29.205,515.259,-15.741,97.196,-40.211,152.348,-79.809
-2.155,-7.585,0.958,906.952,-94.718,-106.723,28.542,521.607,-15.741,97.196,-40.754,159.338,-83.719
-2.155,-7.585,0.958,906.952,-94.718,-106.723,27.879,527.956,-15.741,97.196,-41.291,166.259,-89.081
-2.672,-7.667,0.56,916.351,-121.391,-78.586,27.03,534.37,-19.168,94.18,-42.079,173.159,-101.497
-2.672,-7.667,0.56,916.351,-121.391,-78.586,26.301,539.868,-19.168,94.18,-42.716,178.901,-136.551
-2.672,-7.667,0.56,916.351,-121.391,-78.586,25.451,546.283,-19.168,94.18,-43.49,185.674,134.481
-2.715,-7.93,0.12,926.971,-139.458,-42.819,24.336,553.699,-18.899,90.865,-44.569,193.536,111.208
-2.715,-7.93,0.12,926.971,-139.458,-42.819,23.499,559.261,-18.899,90.865,-45.306,199.117,104.747
-2.715,-7.93,0.12,926.971,-139.458,-42.819,22.523,565.749,-18.899,90.865,-46.202,205.743,99.641
-2.605,-7.322,-0.421,913.849,-145.744,-7.296,21.503,572.146,-19.555,86.706,-47.148,212.152,165.645
-2.605,-7.322,-0.421,913.849,-145.744,-7.296,20.482,578.543,-19.555,86.706,-48.084,218.497,156.09
-2.605,-7.322,-0.421,913.849,-145.744,-7.296,19.608,584.026,-19.555,86.706,-48.837,223.693,148.947
-2.528,-7.25,-0.23,895.294,-139.946,27.129,18.628,590.293,-19.217,88.184,-49.705,229.783,141.303
-2.528,-7.25,-0.23,895.294,-139.946,27.129,17.649,596.56,-19.217,88.184,-50.564,235.812,134.424
-2.198,-7.351,-0.34,896.393,-124.565,61.309,16.777,602.835,-16.631,87.352,-51.26,241.782,128.073
-2.198,-7.351,-0.34,896.393,-124.565,61.309,15.905,609.11,-16.631,87.352,-51.95,247.692,122.233
-2.198,-7.351,-0.34,896.393,-124.565,61.309,15.157,614.488,-16.631,87.352,-52.485,252.478,117.753
-1.686,-7.274,-0.833,898.346,-100.394,89.874,14.455,620.777,-12.965,83.465,-52.924,258.259,112.481
-1.686,-7.274,-0.833,898.346,-100.394,89.874,13.752,627.065,-12.965,83.465,-53.36,263.982,107.488
-1.686,-7.274,-0.833,898.346,-100.394,89.874,13.049,633.353,-12.965,83.465,-53.791,269.647,102.714
-1.092,-6.9,-0.895,886.871,-69.144,108.795,12.634,638.675,-8.917,82.606,-53.835,274.098,98.939
-1.092,-6.9,-0.895,886.871,-69.144,108.795,12.15,644.883,-8.917,82.606,-53.961,279.559,94.44
-1.092,-6.9,-0.895,886.871,-69.144,108.795,11.666,651.091,-8.917,82.606,-54.085,284.964,90.064
-0.666,-6.671,-0.646,872.955,-34.231,117.767,11.461,656.329,-5.672,84.465,-53.845,289.182,86.614
-0.666,-6.671,-0.646,872.955,-34.231,117.767,11.221,662.439,-5.672,84.465,-53.648,294.394,82.427
-0.666,-6.671,-0.646,872.955,-34.231,117.767,10.982,668.55,-5.672,84.465,-53.453,299.554,78.316
-0.158,-6.704,-0.68,871.185,1.475,118.744,10.992,674.648,-1.343,84.208,-52.919,304.646,31.89
-0.158,-6.704,-0.68,871.185,1.475,118.744,11.002,680.746,-1.343,84.208,-52.391,309.686,26.658
-0.158,-6.704,-0.68,871.185,1.475,118.744,11.013,686.845,-1.343,84.208,-51.869,314.676,21.298
0.335,-6.599,-0.996,874.603,35.472,111.175,11.225,692.092,2.876,81.416,-51.068,318.578,17.052
0.335,-6.599,-0.996,874.603,35.472,111.175,11.474,698.214,2.876,81.416,-50.234,323.479,11.51
0.335,-6.599,-0.996,874.603,35.472,111.175,11.687,703.462,2.876,81.416,-49.45,327.293,7.081
-2.974,21.271,-1.417,862.456,43.162,64.91,11.989,709.499,-7.941,-86.188,-48.676,330.33,3.477
-2.974,21.271,-1.417,862.456,43.162,64.91,12.248,714.674,-7.941,-86.188,-47.961,332.312,1.085
-2.974,21.271,-1.417,862.456,43.162,64.91,12.55,720.711,-7.941,-86.188,-47.202,335.3,-2.592
-15.601,-2.38,-90.577,1160.8,-71.585,7.109,12.049,728.837,-9.77,1.505,-47.423,341.615,-10.314
-15.601,-2.38,-90.577,1160.8,-71.585,7.109,11.548,736.962,-9.77,1.505,-47.642,347.867,-17.766
-15.601,-2.38,-90.577,1160.8,-71.585,7.109,11.047,745.088,-9.77,1.505,-47.858,354.057,-24.872
0.259,0.977,-20.668,251.912,-43.631,-18.648,10.741,746.851,0.716,-2.706,-47.735,352.584,-23.227
0.259,0.977,-20.668,251.912,-43.631,-18.648,10.479,748.363,0.716,-2.706,-47.562,350.827,-21.245
0.259,0.977,-20.668,251.912,-43.631,-18.648,10.13,750.378,0.716,-2.706,-47.494,349.686,-19.933
0.172,2.533,6.742,50.249,-20.498,-18.709,9.987,750.73,1.371,-159.408,-47.175,345.012,-14.458
0.172,2.533,6.742,50.249,-20.498,-18.709,9.864,751.031,1.371,-159.408,-46.836,340.326,-8.811
0.172,2.533,6.742,50.249,-20.498,-18.709,9.72,751.383,1.371,-159.408,-46.525,335.747,-3.172
-0.091,-4.013,1.508,10.698,-18.911,-16.146,9.588,751.458,-1.216,110.601,-46.229,333.584,-18.625
-0.091,-4.013,1.508,10.698,-18.911,-16.146,9.456,751.533,-1.216,110.601,-45.936,331.444,-16.441
-0.091,-4.013,1.508,10.698,-18.911,-16.146,9.342,751.597,-1.216,110.601,-45.623,329.311,-14.238
-0.761,2.548,0.565,6.303,-17.08,-25.668,9.223,751.641,-16.266,-102.506,-45.472,325.046,-9.702
-0.761,2.548,0.565,6.303,-17.08,-25.668,9.12,751.679,-16.266,-102.506,-45.302,320.815,-5.14
-0.761,2.548,0.565,6.303,-17.08,-25.668,9.001,751.723,-16.266,-102.506,-45.153,316.634,-0.589
-0.192,-1.777,1.848,15.154,-18.728,-18.16,8.869,751.829,-4.273,136.135,-44.9,314.955,1.247
-0.192,-1.777,1.848,15.154,-18.728,-18.16,8.738,751.935,-4.273,136.135,-44.65,313.293,3.072
-0.192,-1.777,1.848,15.154,-18.728,-18.16,8.626,752.026,-4.273,136.135,-44.379,311.63,4.906
0.115,1.374,-2.49,39.324,-19.033,-17.855,8.474,752.341,2.314,-28.895,-44.093,308.598,8.243
0.115,1.374,-2.49,39.324,-19.033,-17.855,8.34,752.616,2.314,-28.895,-43.788,305.55,11.592
0.038,-0.187,0.68,2.153,-18.301,-20.968,8.212,752.631,3.11,164.643,-43.471,304.159,13.138
0.038,-0.187,0.68,2.153,-18.301,-20.968,8.084,752.646,3.11,164.643,-43.157,302.782,14.669
0.038,-0.187,0.68,2.153,-18.301,-20.968,7.974,752.659,3.11,164.643,-42.825,301.416,16.19
-1.59,-13.729,-25.82,-42.77,7.7,-38.302,8.028,752.36,-3.112,28,-42.364,298.326,19.569
-1.59,-13.729,-25.82,-42.77,7.7,-38.302,8.082,752.061,-3.112,28,-41.907,295.267,22.877
-1.59,-13.729,-25.82,-42.77,7.7,-38.302,8.128,751.804,-3.112,28,-41.464,292.289,26.051
-0.527,-3.855,-1.159,-179.735,71.971,-67.233,8.632,750.546,-7.455,73.268,-40.526,288.604,34.801
-0.527,-3.855,-1.159,-179.735,71.971,-67.233,9.136,749.288,-7.455,73.268,-39.597,284.956,38.325
-0.527,-3.855,-1.159,-179.735,71.971,-67.233,9.64,748.03,-7.455,73.268,-38.677,281.345,41.698
-3.132,-8.447,-39.411,-196.825,85.277,-72.665,10.237,746.652,-4.443,12.098,-37.625,277.016,45.563
-3.132,-8.447,-39.411,-196.825,85.277,-72.665,10.834,745.274,-4.443,12.098,-36.584,272.73,49.194
-3.132,-8.447,-39.411,-196.825,85.277,-72.665,11.431,743.896,-4.443,12.098,-35.554,268.487,52.589
-2.753,3.467,-8.715,-137.986,-39.053,-52.89,11.157,742.93,-16.36,-21.693,-35.686,264.437,55.419
-2.753,3.467,-8.715,-137.986,-39.053,-52.89,10.884,741.965,-16.36,-21.693,-35.818,260.428,58.108
-2.753,3.467,-8.715,-137.986,-39.053,-52.89,10.611,740.999,-16.36,-21.693,-35.948,256.46,60.673
-0.757,3.333,-7.236,30.29,-22.207,-25.24,10.455,741.211,-5.425,-24.732,-35.828,253.9,62.3
-0.757,3.333,-7.236,30.29,-22.207,-25.24,10.3,741.423,-5.425,-24.732,-35.708,251.365,63.869
-0.757,3.333,-7.236,30.29,-22.207,-25.24,10.144,741.635,-5.425,-24.732,-35.59,248.856,65.383
0.177,-0.22,-12.292,30.657,-3.713,-19.137,10.118,741.849,0.826,1.027,-35.257,246.633,66.696
0.177,-0.22,-12.292,30.657,-3.713,-19.137,10.096,742.033,0.826,1.027,-34.922,244.395,67.98
0.177,-0.22,-12.292,30.657,-3.713,-19.137,10.07,742.248,0.826,1.027,-34.596,242.217,69.193
-0.67,5.224,-14.323,-2.425,23.875,-20.174,10.213,742.233,-2.518,-20.04,-34.105,239.577,70.609
-0.67,5.224,-14.323,-2.425,23.875,-20.174,10.38,742.216,-2.518,-20.04,-33.59,236.96,71.956
-0.67,5.224,-14.323,-2.425,23.875,-20.174,10.547,742.2,-2.518,-20.04,-33.081,234.37,73.236
-3.721,0.283,-25.538,25.408,36.448,-5.342,10.803,742.377,-8.289,-0.634,-32.53,232.231,74.232
-3.721,0.283,-25.538,25.408,36.448,-5.342,11.021,742.53,-8.289,-0.634,-32.028,230.084,75.199
-3.721,0.283,-25.538,25.408,36.448,-5.342,11.276,742.708,-8.289,-0.634,-31.487,227.988,76.094
0.33,-0.618,-3.223,7.524,-0.6,2.531,11.272,742.76,5.75,10.851,-31.12,225.879,81.092
0.33,-0.618,-3.223,7.524,-0.6,2.531,11.268,742.813,5.75,10.851,-30.756,223.792,81.932
0.33,-0.618,-3.223,7.524,-0.6,2.531,11.264,742.858,5.75,10.851,-30.396,221.716,82.745
0.661,1.633,-21.688,-27.389,6.602,-1.375,11.311,742.667,1.74,-4.306,-30.019,219.228,83.716
0.661,1.633,-21.688,-27.389,6.602,-1.375,11.35,742.502,1.74,-4.306,-29.655,216.797,84.642
0.661,1.633,-21.688,-27.389,6.602,-1.375,11.396,742.31,1.74,-4.306,-29.286,214.358,85.547
0.249,1.159,-2.667,-10.482,2.512,-1.741,11.414,742.237,4.894,-23.484,-28.923,211.893,86.446
0.249,1.159,-2.667,-10.482,2.512,-1.741,11.429,742.174,4.894,-23.484,-28.567,209.464,87.314
0.249,1.159,-2.667,-10.482,2.512,-1.741,11.447,742.101,4.894,-23.484,-28.212,207.048,88.161
-0.053,0.646,-8.821,13.2,-2.554,3.203,11.431,742.18,-0.341,-4.192,-27.951,205.029,88.884
-0.053,0.646,-8.821,13.2,-2.554,3.203,11.416,742.259,-0.341,-4.192,-27.693,203.031,89.595
-0.053,0.646,-8.821,13.2,-2.554,3.203,11.398,742.352,-0.341,-4.192,-27.441,201.069,90.289
-0.642,0.263,-12.982,9.233,-0.845,0.7,11.392,742.416,-2.829,-1.162,-27.202,199.123,90.986
-0.642,0.263,-12.982,9.233,-0.845,0.7,11.386,742.481,-2.829,-1.162,-26.965,197.197,91.676
-0.642,0.263,-12.982,9.233,-0.845,0.7,11.381,742.536,-2.829,-1.162,-26.73,195.279,92.366
-0.259,0.795,-9.62,-13.472,2.757,-1.68,11.401,742.442,-1.534,-4.724,-26.455,193.167,93.114
-0.259,0.795,-9.62,-13.472,2.757,-1.68,11.417,742.361,-1.534,-4.724,-26.186,191.092,93.856
-0.259,0.795,-9.62,-13.472,2.757,-1.68,11.436,742.267,-1.534,-4.724,-25.917,189.022,94.604
0.589,1.293,-10.468,-3.401,-0.6,0.273,11.432,742.24,3.196,-7.041,-25.631,187.029,101.399
0.589,1.293,-10.468,-3.401,-0.6,0.273,11.428,742.219,3.196,-7.041,-25.347,185.064,102.367
0.211,0.718,-7.853,8.745,0.681,1.433,11.433,742.281,1.53,-5.226,-25.073,183.234,103.295
0.211,0.718,-7.853,8.745,0.681,1.433,11.438,742.351,1.53,-5.226,-24.8,181.433,104.252
0.211,0.718,-7.853,8.745,0.681,1.433,11.442,742.403,1.53,-5.226,-24.532,179.628,105.273
0.134,0.637,-11.972,4.228,0.864,1.371,11.448,742.433,0.641,-3.045,-24.273,177.837,106.367
0.134,0.637,-11.972,4.228,0.864,1.371,11.454,742.462,0.641,-3.045,-24.017,176.063,107.531
0.134,0.637,-11.972,4.228,0.864,1.371,11.46,742.488,0.641,-3.045,-23.764,174.302,108.788
-0.215,0.306,-15.113,8.806,1.414,0.639,11.469,742.549,-0.817,-1.162,-23.523,172.621,110.099
-0.215,0.306,-15.113,8.806,1.414,0.639,11.478,742.602,-0.817,-1.162,-23.286,170.946,111.545
-0.215,0.306,-15.113,8.806,1.414,0.639,11.488,742.664,-0.817,-1.162,-23.049,169.298,113.119
0.56,-0.685,-7.82,-5.66,2.634,-1.07,11.506,742.624,4.083,5.005,-22.756,167.608,114.8
0.56,-0.685,-7.82,-5.66,2.634,-1.07,11.525,742.585,4.083,5.005,-22.466,165.935,116.701
0.56,-0.685,-7.82,-5.66,2.634,-1.07,11.541,742.551,4.083,5.005,-22.181,164.285,118.875
0.532,2.275,-9.266,-28.304,2.146,-2.047,11.556,742.353,3.189,-13.792,-21.91,162.269,122.322
0.532,2.275,-9.266,-28.304,2.146,-2.047,11.568,742.183,3.189,-13.792,-21.644,160.307,126.495
0.532,2.275,-9.266,-28.304,2.146,-2.047,11.583,741.985,3.189,-13.792,-21.377,158.33,131.871
-0.249,2.801,-13.71,-2.547,0.559,0.883,11.587,741.967,-1.019,-11.548,-21.169,156.61,161.422
-0.249,2.801,-13.71,-2.547,0.559,0.883,11.591,741.952,-1.019,-11.548,-20.964,154.911,170.264
-0.249,2.801,-13.71,-2.547,0.559,0.883,11.595,741.934,-1.019,-11.548,-20.76,153.225,179.869
0.546,0.321,-7.528,18.205,0.742,1.127,11.6,742.061,4.144,-2.441,-20.504,151.82,-171.715
0.546,0.321,-7.528,18.205,0.742,1.127,11.605,742.189,4.144,-2.441,-20.252,150.428,-163.269
0.546,0.321,-7.528,18.205,0.742,1.127,11.61,742.316,4.144,-2.441,-20.002,149.051,-155.122
-0.134,0.417,-8.653,-1.326,-0.356,0.761,11.608,742.308,-0.887,-2.756,-19.813,147.524,-146.941
-0.134,0.417,-8.653,-1.326,-0.356,0.761,11.606,742.299,-0.887,-2.756,-19.627,146.01,-139.726
-0.134,0.417,-8.653,-1.326,-0.356,0.761,11.603,742.29,-0.887,-2.756,-19.442,144.511,-133.49
0.244,0.129,-8.768,2.824,-0.295,0.883,11.601,742.309,1.595,-0.845,-19.234,143.081,-128.219
0.244,0.129,-8.768,2.824,-0.295,0.883,11.599,742.329,1.595,-0.845,-19.029,141.665,-123.682
0.244,0.129,-8.768,2.824,-0.295,0.883,11.597,742.349,1.595,-0.845,-18.825,140.264,-119.774
10.291,-3.994,-12.977,-15.609,4.893,-0.887,11.626,742.255,37.159,17.106,-18.23,138.921,-115.209
10.291,-3.994,-12.977,-15.609,4.893,-0.887,11.661,742.146,37.159,17.106,-17.635,137.573,-111.125
10.291,-3.994,-12.977,-15.609,4.893,-0.887,11.69,742.052,37.159,17.106,-17.053,136.257,-107.565
12.096,1.595,-12.939,-62.729,8.982,-15.474,11.753,741.613,42.856,-7.026,-16.379,134.302,-103.516
12.096,1.595,-12.939,-62.729,8.982,-15.474,11.816,741.174,42.856,-7.026,-15.712,132.367,-100.128
12.096,1.595,-12.939,-62.729,8.982,-15.474,11.879,740.735,42.856,-7.026,-15.051,130.452,-97.268
3.52,1.097,-4.942,-24.52,16.49,-17.306,11.994,740.563,34.811,-12.511,-14.416,128.818,-102.805
3.52,1.097,-4.942,-24.52,16.49,-17.306,12.109,740.392,34.811,-12.511,-13.786,127.201,-100.566
3.52,1.097,-4.942,-24.52,16.49,-17.306,12.225,740.22,34.811,-12.511,-13.163,125.6,-98.569
0.493,0.225,-1.944,27.483,4.16,-12.972,12.254,740.413,14.145,-6.603,-12.855,124.507,-97.52
0.493,0.225,-1.944,27.483,4.16,-12.972,12.279,740.578,14.145,-6.603,-12.556,123.391,-96.544
0.493,0.225,-1.944,27.483,4.16,-12.972,12.304,740.742,14.145,-6.603,-12.259,122.287,-95.64
-0.886,4.233,-30.269,57.757,-18.057,-17.489,12.177,741.147,-1.66,-7.961,-12.303,121.465,-95.413
-0.886,4.233,-30.269,57.757,-18.057,-17.489,12.051,741.551,-1.66,-7.961,-12.347,120.651,-95.194
-0.886,4.233,-30.269,57.757,-18.057,-17.489,11.943,741.898,-1.66,-7.961,-12.369,119.777,-94.927
-0.235,0.297,-3.117,33.525,-1.882,-7.357,11.93,742.132,-4.285,-5.44,-12.304,118.803,-94.515
-0.235,0.297,-3.117,33.525,-1.882,-7.357,11.916,742.367,-4.285,-5.44,-12.239,117.84,-94.123
-0.235,0.297,-3.117,33.525,-1.882,-7.357,11.903,742.602,-4.285,-5.44,-12.175,116.886,-93.751
-0.536,1.231,-19.14,8.256,-3.042,-1.924,11.882,742.659,-1.602,-3.679,-12.095,115.749,-93.321
-0.536,1.231,-19.14,8.256,-3.042,-1.924,11.864,742.709,-1.602,-3.679,-12.012,114.613,-92.907
-0.536,1.231,-19.14,8.256,-3.042,-1.924,11.842,742.767,-1.602,-3.679,-11.933,113.499,-92.521
-0.144,0.919,-7.964,-33.37,0.315,0.517,11.845,742.533,-1.027,-6.586,-11.821,112.021,-92.024
-0.144,0.919,-7.964,-33.37,0.315,0.517,11.846,742.333,-1.027,-6.586,-11.711,110.597,-91.568
-0.144,0.919,-7.964,-33.37,0.315,0.517,11.849,742.099,-1.027,-6.586,-11.601,109.147,-91.128
-0.211,1.499,-9.333,-0.044,0.254,2.165,11.85,742.099,-1.277,-9.124,-11.496,107.964,-91.066
-0.211,1.499,-9.333,-0.044,0.254,2.165,11.852,742.099,-1.277,-9.124,-11.392,106.793,-90.717
-0.211,1.499,-9.333,-0.044,0.254,2.165,11.854,742.099,-1.277,-9.124,-11.289,105.634,-90.383
-0.182,0.771,-10.612,13.933,0.62,1.555,11.858,742.196,-0.98,-4.155,-11.181,104.652,-90.091
-0.182,0.771,-10.612,13.933,0.62,1.555,11.862,742.28,-0.98,-4.155,-11.074,103.663,-89.809
-0.182,0.771,-10.612,13.933,0.62,1.555,11.866,742.377,-0.98,-4.155,-10.968,102.701,-89.541
-0.101,0.627,-9.544,-4.683,0.559,1.127,11.87,742.344,-0.602,-3.761,-10.86,101.597,-89.254
-0.101,0.627,-9.544,-4.683,0.559,1.127,11.874,742.312,-0.602,-3.761,-10.753,100.504,-88.979
-0.101,0.627,-9.544,-4.683,0.559,1.127,11.878,742.279,-0.602,-3.761,-10.646,99.423,-88.715
-0.043,1.111,-9.453,-1.937,0.498,1.738,11.881,742.267,-0.259,-6.703,-10.539,98.348,-88.459
-0.043,1.111,-9.453,-1.937,0.498,1.738,11.884,742.256,-0.259,-6.703,-10.433,97.283,-88.213
-0.043,1.111,-9.453,-1.937,0.498,1.738,11.887,742.244,-0.259,-6.703,-10.327,96.23,-87.977
-0.431,1.054,-9.999,5.022,0.498,0.761,11.89,742.279,-2.455,-6.015,-10.244,95.249,-87.772
-0.431,1.054,-9.999,5.022,0.498,0.761,11.894,742.319,-2.455,-6.015,-10.162,94.284,-87.574
-0.431,1.054,-9.999,5.022,0.498,0.761,11.897,742.35,-2.455,-6.015,-10.081,93.317,-87.381
-0.182,0.848,-9.563,-1.998,0.254,1.86,11.899,742.336,-1.086,-5.065,-9.989,92.317,-87.181
-0.182,0.848,-9.563,-1.998,0.254,1.86,11.901,742.324,-1.086,-5.065,-9.898,91.329,-86.988
-0.172,1.01,-9.453,1.237,0.315,1.616,11.903,742.332,-1.039,-6.101,-9.807,90.365,-86.802
-0.172,1.01,-9.453,1.237,0.315,1.616,11.905,742.342,-1.039,-6.101,-9.716,89.412,-86.622
-0.172,1.01,-9.453,1.237,0.315,1.616,11.907,742.35,-1.039,-6.101,-9.627,88.465,-86.447
-0.254,0.35,-10.023,5.327,0.132,1.799,11.908,742.382,-1.45,-1.998,-9.545,87.599,-84.249
-0.254,0.35,-10.023,5.327,0.132,1.799,11.909,742.419,-1.45,-1.998,-9.463,86.747,-84.11
-0.254,0.35,-10.023,5.327,0.132,1.799,11.91,742.451,-1.45,-1.998,-9.382,85.897,-83.974
-0.254,0.35,-10.023,5.327,0.132,1.799,11.911,742.488,-1.45,-1.998,-9.301,85.063,-83.841
-0.326,0.714,-9.807,-0.899,0.376,1.433,11.913,742.482,-1.897,-4.161,-9.224,84.163,-83.704
-0.326,0.714,-9.807,-0.899,0.376,1.433,11.916,742.477,-1.897,-4.161,-9.148,83.273,-83.571
-0.326,0.714,-9.807,-0.899,0.376,1.433,11.918,742.47,-1.897,-4.161,-9.072,82.392,-83.439
-0.115,0.996,-9.458,-4.317,0.498,1.555,11.921,742.444,-0.692,-6.012,-8.985,81.477,-83.302
-0.115,0.996,-9.458,-4.317,0.498,1.555,11.925,742.414,-0.692,-6.012,-8.898,80.566,-83.167
-0.115,0.996,-9.458,-4.317,0.498,1.555,11.928,742.388,-0.692,-6.012,-8.812,79.67,-83.035
-0.163,0.781,-9.793,0.81,0.498,1.31,11.931,742.394,-0.949,-4.557,-8.73,78.834,-82.914
-0.163,0.781,-9.793,0.81,0.498,1.31,11.935,742.4,-0.949,-4.557,-8.648,78.007,-82.794
-0.163,0.781,-9.793,0.81,0.498,1.31,11.938,742.405,-0.949,-4.557,-8.567,77.187,-82.678
-0.105,0.857,-9.975,-2.059,0.559,1.188,11.942,742.39,-0.603,-4.912,-8.483,76.349,-82.559
-0.105,0.857,-9.975,-2.059,0.559,1.188,11.945,742.376,-0.603,-4.912,-8.399,75.519,-82.443
-0.105,0.857,-9.975,-2.059,0.559,1.188,11.949,742.361,-0.603,-4.912,-8.317,74.698,-82.329
-0.292,1.006,-9.405,-4.927,0.742,1.433,11.954,742.332,-1.769,-6.103,-8.246,73.855,-82.216
-0.292,1.006,-9.405,-4.927,0.742,1.433,11.959,742.297,-1.769,-6.103,-8.175,73.014,-82.104
-0.292,1.006,-9.405,-4.927,0.742,1.433,11.964,742.263,-1.769,-6.103,-8.105,72.182,-81.994
-0.158,0.795,-9.711,1.665,0.742,1.371,11.969,742.273,-0.929,-4.679,-8.028,71.425,-82.04
-0.158,0.795,-9.711,1.665,0.742,1.371,11.974,742.284,-0.929,-4.679,-7.951,70.678,-81.94
-0.158,0.795,-9.711,1.665,0.742,1.371,11.978,742.294,-0.929,-4.679,-7.875,69.936,-81.842
-0.01,0.728,-9.802,-0.167,0.803,1.31,11.984,742.293,-0.056,-4.247,-7.79,69.193,-81.743
-0.01,0.728,-9.802,-0.167,0.803,1.31,11.99,742.292,-0.056,-4.247,-7.706,68.457,-81.646
-0.029,0.934,-9.51,-3.524,0.803,1.433,11.995,742.268,-0.172,-5.608,-7.624,67.687,-81.547
-0.029,0.934,-9.51,-3.524,0.803,1.433,12.001,742.243,-0.172,-5.608,-7.543,66.925,-81.449
-0.029,0.934,-9.51,-3.524,0.803,1.433,12.006,742.222,-0.172,-5.608,-7.464,66.175,-81.353
-0.029,0.934,-9.51,-3.524,0.803,1.433,12.01,742.201,-0.172,-5.608,-7.385,65.432,-81.259
-0.273,0.785,-9.984,0.383,0.437,1.188,12.014,742.203,-1.561,-4.497,-7.323,64.735,-81.172
-0.273,0.785,-9.984,0.383,0.437,1.188,12.016,742.206,-1.561,-4.497,-7.262,64.046,-81.086
-0.273,0.785,-9.984,0.383,0.437,1.188,12.019,742.208,-1.561,-4.497,-7.202,63.364,-81.001
-0.321,0.838,-9.568,-2.303,0.437,1.249,12.022,742.195,-1.913,-5.006,-7.146,62.664,-80.914
-0.321,0.838,-9.568,-2.303,0.437,1.249,12.025,742.178,-1.913,-5.006,-7.09,61.968,-80.828
